编号,地址,联系方式,联系人,名称,x坐标,邮编,y坐标
C709668948EA4E919907AC3626AE6D2C,湖北省 武汉市 武汉四唯路10号,027-82729749,,海创电子,114.306839536618395,430010,30.597986481468746
C709668948EA4E919907AC3626AE6D2C,湖北省 武汉市 武汉四唯路10号,027-82729749,,海创电子,114.306839536618395,430010,30.597986481468746
33AD5A2B98C1410F988A66AE710FD25C,武汉市汉口解放大道690号武汉国际广场8楼,86-27-85714165,,武商集团,114.270670089031890,430022,30.580943828862260
33AD5A2B98C1410F988A66AE710FD25C,武汉市汉口解放大道690号武汉国际广场8楼,86-27-85714165,,武商集团,114.270670089031890,430022,30.580943828862260
587D355CB3404EAC8429B5F67272F5E6,武汉市江汉区红旗渠路98号,027-85313142,,武汉市市政建设集团有限公司,114.249429945650412,430023,30.622856208105033
C1B680B9155F41A4A602B3448DB440D7,中国 · 武汉市东湖高新佳园路2号高科大厦19楼,(86-27)-87592017/87592019,,武汉高科国有控股集团有限公司,114.430530594882225,430074,30.505387256529787
B21958E5C3A74A21BF39E4DDB8E28F21,武汉市武昌区欢乐大道77号,+86 027 83749240 83749999,,武汉地铁集团,114.329712928936110,,30.580695271938120
587D355CB3404EAC8429B5F67272F5E6,武汉市江汉区红旗渠路98号,027-85313142,,武汉市市政建设集团有限公司,114.249429945650412,430023,30.622856208105033
C1B680B9155F41A4A602B3448DB440D7,中国 · 武汉市东湖高新佳园路2号高科大厦19楼,(86-27)-87592017/87592019,,武汉高科国有控股集团有限公司,114.430530594882225,430074,30.505387256529787
B21958E5C3A74A21BF39E4DDB8E28F21,武汉市武昌区欢乐大道77号,+86 027 83749240 83749999,,武汉地铁集团,114.329712928936110,,30.580695271938120
587D355CB3404EAC8429B5F67272F5E6,武汉市江汉区红旗渠路98号,027-85313142,,武汉市市政建设集团有限公司,114.249429945650412,430023,30.622856208105033
C1B680B9155F41A4A602B3448DB440D7,中国 · 武汉市东湖高新佳园路2号高科大厦19楼,(86-27)-87592017/87592019,,武汉高科国有控股集团有限公司,114.430530594882225,430074,30.505387256529787
B21958E5C3A74A21BF39E4DDB8E28F21,武汉市武昌区欢乐大道77号,+86 027 83749240 83749999,,武汉地铁集团,114.329712928936110,,30.580695271938120
587D355CB3404EAC8429B5F67272F5E6,武汉市江汉区红旗渠路98号,027-85313142,,武汉市市政建设集团有限公司,114.249429945650412,430023,30.622856208105033
C1B680B9155F41A4A602B3448DB440D7,中国 · 武汉市东湖高新佳园路2号高科大厦19楼,(86-27)-87592017/87592019,,武汉高科国有控股集团有限公司,114.430530594882225,430074,30.505387256529787
B21958E5C3A74A21BF39E4DDB8E28F21,武汉市武昌区欢乐大道77号,+86 027 83749240 83749999,,武汉地铁集团,114.329712928936110,,30.580695271938120
587D355CB3404EAC8429B5F67272F5E6,武汉市江汉区红旗渠路98号,027-85313142,,武汉市市政建设集团有限公司,114.249429945650412,430023,30.622856208105033
C1B680B9155F41A4A602B3448DB440D7,中国 · 武汉市东湖高新佳园路2号高科大厦19楼,(86-27)-87592017/87592019,,武汉高科国有控股集团有限公司,114.430530594882225,430074,30.505387256529787
B21958E5C3A74A21BF39E4DDB8E28F21,武汉市武昌区欢乐大道77号,+86 027 83749240 83749999,,武汉地铁集团,114.329712928936110,,30.580695271938120
587D355CB3404EAC8429B5F67272F5E6,武汉市江汉区红旗渠路98号,027-85313142,,武汉市市政建设集团有限公司,114.249429945650412,430023,30.622856208105033
C1B680B9155F41A4A602B3448DB440D7,中国 · 武汉市东湖高新佳园路2号高科大厦19楼,(86-27)-87592017/87592019,,武汉高科国有控股集团有限公司,114.430530594882225,430074,30.505387256529787
B21958E5C3A74A21BF39E4DDB8E28F21,武汉市武昌区欢乐大道77号,+86 027 83749240 83749999,,武汉地铁集团,114.329712928936110,,30.580695271938120
587D355CB3404EAC8429B5F67272F5E6,武汉市江汉区红旗渠路98号,027-85313142,,武汉市市政建设集团有限公司,114.249429945650412,430023,30.622856208105033
C1B680B9155F41A4A602B3448DB440D7,中国 · 武汉市东湖高新佳园路2号高科大厦19楼,(86-27)-87592017/87592019,,武汉高科国有控股集团有限公司,114.430530594882225,430074,30.505387256529787
B21958E5C3A74A21BF39E4DDB8E28F21,武汉市武昌区欢乐大道77号,+86 027 83749240 83749999,,武汉地铁集团,114.329712928936110,,30.580695271938120
587D355CB3404EAC8429B5F67272F5E6,武汉市江汉区红旗渠路98号,027-85313142,,武汉市市政建设集团有限公司,114.249429945650412,430023,30.622856208105033
C1B680B9155F41A4A602B3448DB440D7,中国 · 武汉市东湖高新佳园路2号高科大厦19楼,(86-27)-87592017/87592019,,武汉高科国有控股集团有限公司,114.430530594882225,430074,30.505387256529787
B21958E5C3A74A21BF39E4DDB8E28F21,武汉市武昌区欢乐大道77号,+86 027 83749240 83749999,,武汉地铁集团,114.329712928936110,,30.580695271938120
587D355CB3404EAC8429B5F67272F5E6,武汉市江汉区红旗渠路98号,027-85313142,,武汉市市政建设集团有限公司,114.249429945650412,430023,30.622856208105033
C1B680B9155F41A4A602B3448DB440D7,中国 · 武汉市东湖高新佳园路2号高科大厦19楼,(86-27)-87592017/87592019,,武汉高科国有控股集团有限公司,114.430530594882225,430074,30.505387256529787
B21958E5C3A74A21BF39E4DDB8E28F21,武汉市武昌区欢乐大道77号,+86 027 83749240 83749999,,武汉地铁集团,114.329712928936110,,30.580695271938120
587D355CB3404EAC8429B5F67272F5E6,武汉市江汉区红旗渠路98号,027-85313142,,武汉市市政建设集团有限公司,114.249429945650412,430023,30.622856208105033
C1B680B9155F41A4A602B3448DB440D7,中国 · 武汉市东湖高新佳园路2号高科大厦19楼,(86-27)-87592017/87592019,,武汉高科国有控股集团有限公司,114.430530594882225,430074,30.505387256529787
B21958E5C3A74A21BF39E4DDB8E28F21,武汉市武昌区欢乐大道77号,+86 027 83749240 83749999,,武汉地铁集团,114.329712928936110,,30.580695271938120
587D355CB3404EAC8429B5F67272F5E6,武汉市江汉区红旗渠路98号,027-85313142,,武汉市市政建设集团有限公司,114.249429945650412,430023,30.622856208105033
C1B680B9155F41A4A602B3448DB440D7,中国 · 武汉市东湖高新佳园路2号高科大厦19楼,(86-27)-87592017/87592019,,武汉高科国有控股集团有限公司,114.430530594882225,430074,30.505387256529787
B21958E5C3A74A21BF39E4DDB8E28F21,武汉市武昌区欢乐大道77号,+86 027 83749240 83749999,,武汉地铁集团,114.329712928936110,,30.580695271938120
587D355CB3404EAC8429B5F67272F5E6,武汉市江汉区红旗渠路98号,027-85313142,,武汉市市政建设集团有限公司,114.249429945650412,430023,30.622856208105033
C1B680B9155F41A4A602B3448DB440D7,中国 · 武汉市东湖高新佳园路2号高科大厦19楼,(86-27)-87592017/87592019,,武汉高科国有控股集团有限公司,114.430530594882225,430074,30.505387256529787
587D355CB3404EAC8429B5F67272F5E6,武汉市江汉区红旗渠路98号,027-85313142,,武汉市市政建设集团有限公司,114.249429945650412,430023,30.622856208105033
C1B680B9155F41A4A602B3448DB440D7,中国 · 武汉市东湖高新佳园路2号高科大厦19楼,(86-27)-87592017/87592019,,武汉高科国有控股集团有限公司,114.430530594882225,430074,30.505387256529787
B21958E5C3A74A21BF39E4DDB8E28F21,武汉市武昌区欢乐大道77号,+86 027 83749240 83749999,,武汉地铁集团,114.329712928936110,,30.580695271938120
587D355CB3404EAC8429B5F67272F5E6,武汉市江汉区红旗渠路98号,027-85313142,,武汉市市政建设集团有限公司,114.249429945650412,430023,30.622856208105033
C1B680B9155F41A4A602B3448DB440D7,中国 · 武汉市东湖高新佳园路2号高科大厦19楼,(86-27)-87592017/87592019,,武汉高科国有控股集团有限公司,114.430530594882225,430074,30.505387256529787
B21958E5C3A74A21BF39E4DDB8E28F21,武汉市武昌区欢乐大道77号,+86 027 83749240 83749999,,武汉地铁集团,114.329712928936110,,30.580695271938120
587D355CB3404EAC8429B5F67272F5E6,武汉市江汉区红旗渠路98号,027-85313142,,武汉市市政建设集团有限公司,114.249429945650412,430023,30.622856208105033
C1B680B9155F41A4A602B3448DB440D7,中国 · 武汉市东湖高新佳园路2号高科大厦19楼,(86-27)-87592017/87592019,,武汉高科国有控股集团有限公司,114.430530594882225,430074,30.505387256529787
B21958E5C3A74A21BF39E4DDB8E28F21,武汉市武昌区欢乐大道77号,+86 027 83749240 83749999,,武汉地铁集团,114.329712928936110,,30.580695271938120
587D355CB3404EAC8429B5F67272F5E6,武汉市江汉区红旗渠路98号,027-85313142,,武汉市市政建设集团有限公司,114.249429945650412,430023,30.622856208105033
C1B680B9155F41A4A602B3448DB440D7,中国 · 武汉市东湖高新佳园路2号高科大厦19楼,(86-27)-87592017/87592019,,武汉高科国有控股集团有限公司,114.430530594882225,430074,30.505387256529787
B21958E5C3A74A21BF39E4DDB8E28F21,武汉市武昌区欢乐大道77号,+86 027 83749240 83749999,,武汉地铁集团,114.329712928936110,,30.580695271938120
587D355CB3404EAC8429B5F67272F5E6,武汉市江汉区红旗渠路98号,027-85313142,,武汉市市政建设集团有限公司,114.249429945650412,430023,30.622856208105033
C1B680B9155F41A4A602B3448DB440D7,中国 · 武汉市东湖高新佳园路2号高科大厦19楼,(86-27)-87592017/87592019,,武汉高科国有控股集团有限公司,114.430530594882225,430074,30.505387256529787
B21958E5C3A74A21BF39E4DDB8E28F21,武汉市武昌区欢乐大道77号,+86 027 83749240 83749999,,武汉地铁集团,114.329712928936110,,30.580695271938120
587D355CB3404EAC8429B5F67272F5E6,武汉市江汉区红旗渠路98号,027-85313142,,武汉市市政建设集团有限公司,114.249429945650412,430023,30.622856208105033
C1B680B9155F41A4A602B3448DB440D7,中国 · 武汉市东湖高新佳园路2号高科大厦19楼,(86-27)-87592017/87592019,,武汉高科国有控股集团有限公司,114.430530594882225,430074,30.505387256529787
B21958E5C3A74A21BF39E4DDB8E28F21,武汉市武昌区欢乐大道77号,+86 027 83749240 83749999,,武汉地铁集团,114.329712928936110,,30.580695271938120
587D355CB3404EAC8429B5F67272F5E6,武汉市江汉区红旗渠路98号,027-85313142,,武汉市市政建设集团有限公司,114.249429945650412,430023,30.622856208105033
C1B680B9155F41A4A602B3448DB440D7,中国 · 武汉市东湖高新佳园路2号高科大厦19楼,(86-27)-87592017/87592019,,武汉高科国有控股集团有限公司,114.430530594882225,430074,30.505387256529787
B21958E5C3A74A21BF39E4DDB8E28F21,武汉市武昌区欢乐大道77号,+86 027 83749240 83749999,,武汉地铁集团,114.329712928936110,,30.580695271938120
587D355CB3404EAC8429B5F67272F5E6,武汉市江汉区红旗渠路98号,027-85313142,,武汉市市政建设集团有限公司,114.249429945650412,430023,30.622856208105033
C1B680B9155F41A4A602B3448DB440D7,中国 · 武汉市东湖高新佳园路2号高科大厦19楼,(86-27)-87592017/87592019,,武汉高科国有控股集团有限公司,114.430530594882225,430074,30.505387256529787
B21958E5C3A74A21BF39E4DDB8E28F21,武汉市武昌区欢乐大道77号,+86 027 83749240 83749999,,武汉地铁集团,114.329712928936110,,30.580695271938120
B21958E5C3A74A21BF39E4DDB8E28F21,武汉市武昌区欢乐大道77号,+86 027 83749240 83749999,,武汉地铁集团,114.329712928936110,,30.580695271938120
587D355CB3404EAC8429B5F67272F5E6,武汉市江汉区红旗渠路98号,027-85313142,,武汉市市政建设集团有限公司,114.249429945650412,430023,30.622856208105033
C1B680B9155F41A4A602B3448DB440D7,中国 · 武汉市东湖高新佳园路2号高科大厦19楼,(86-27)-87592017/87592019,,武汉高科国有控股集团有限公司,114.430530594882225,430074,30.505387256529787
B21958E5C3A74A21BF39E4DDB8E28F21,武汉市武昌区欢乐大道77号,+86 027 83749240 83749999,,武汉地铁集团,114.329712928936110,,30.580695271938120
587D355CB3404EAC8429B5F67272F5E6,武汉市江汉区红旗渠路98号,027-85313142,,武汉市市政建设集团有限公司,114.249429945650412,430023,30.622856208105033
C1B680B9155F41A4A602B3448DB440D7,中国 · 武汉市东湖高新佳园路2号高科大厦19楼,(86-27)-87592017/87592019,,武汉高科国有控股集团有限公司,114.430530594882225,430074,30.505387256529787
B21958E5C3A74A21BF39E4DDB8E28F21,武汉市武昌区欢乐大道77号,+86 027 83749240 83749999,,武汉地铁集团,114.329712928936110,,30.580695271938120
587D355CB3404EAC8429B5F67272F5E6,武汉市江汉区红旗渠路98号,027-85313142,,武汉市市政建设集团有限公司,114.249429945650412,430023,30.622856208105033
C1B680B9155F41A4A602B3448DB440D7,中国 · 武汉市东湖高新佳园路2号高科大厦19楼,(86-27)-87592017/87592019,,武汉高科国有控股集团有限公司,114.430530594882225,430074,30.505387256529787
B21958E5C3A74A21BF39E4DDB8E28F21,武汉市武昌区欢乐大道77号,+86 027 83749240 83749999,,武汉地铁集团,114.329712928936110,,30.580695271938120
587D355CB3404EAC8429B5F67272F5E6,武汉市江汉区红旗渠路98号,027-85313142,,武汉市市政建设集团有限公司,114.249429945650412,430023,30.622856208105033
C1B680B9155F41A4A602B3448DB440D7,中国 · 武汉市东湖高新佳园路2号高科大厦19楼,(86-27)-87592017/87592019,,武汉高科国有控股集团有限公司,114.430530594882225,430074,30.505387256529787
B21958E5C3A74A21BF39E4DDB8E28F21,武汉市武昌区欢乐大道77号,+86 027 83749240 83749999,,武汉地铁集团,114.329712928936110,,30.580695271938120
587D355CB3404EAC8429B5F67272F5E6,武汉市江汉区红旗渠路98号,027-85313142,,武汉市市政建设集团有限公司,114.249429945650412,430023,30.622856208105033
C1B680B9155F41A4A602B3448DB440D7,中国 · 武汉市东湖高新佳园路2号高科大厦19楼,(86-27)-87592017/87592019,,武汉高科国有控股集团有限公司,114.430530594882225,430074,30.505387256529787
B21958E5C3A74A21BF39E4DDB8E28F21,武汉市武昌区欢乐大道77号,+86 027 83749240 83749999,,武汉地铁集团,114.329712928936110,,30.580695271938120
587D355CB3404EAC8429B5F67272F5E6,武汉市江汉区红旗渠路98号,027-85313142,,武汉市市政建设集团有限公司,114.249429945650412,430023,30.622856208105033
C1B680B9155F41A4A602B3448DB440D7,中国 · 武汉市东湖高新佳园路2号高科大厦19楼,(86-27)-87592017/87592019,,武汉高科国有控股集团有限公司,114.430530594882225,430074,30.505387256529787
B21958E5C3A74A21BF39E4DDB8E28F21,武汉市武昌区欢乐大道77号,+86 027 83749240 83749999,,武汉地铁集团,114.329712928936110,,30.580695271938120
587D355CB3404EAC8429B5F67272F5E6,武汉市江汉区红旗渠路98号,027-85313142,,武汉市市政建设集团有限公司,114.249429945650412,430023,30.622856208105033
C1B680B9155F41A4A602B3448DB440D7,中国 · 武汉市东湖高新佳园路2号高科大厦19楼,(86-27)-87592017/87592019,,武汉高科国有控股集团有限公司,114.430530594882225,430074,30.505387256529787
B21958E5C3A74A21BF39E4DDB8E28F21,武汉市武昌区欢乐大道77号,+86 027 83749240 83749999,,武汉地铁集团,114.329712928936110,,30.580695271938120
587D355CB3404EAC8429B5F67272F5E6,武汉市江汉区红旗渠路98号,027-85313142,,武汉市市政建设集团有限公司,114.249429945650412,430023,30.622856208105033
C1B680B9155F41A4A602B3448DB440D7,中国 · 武汉市东湖高新佳园路2号高科大厦19楼,(86-27)-87592017/87592019,,武汉高科国有控股集团有限公司,114.430530594882225,430074,30.505387256529787
B21958E5C3A74A21BF39E4DDB8E28F21,武汉市武昌区欢乐大道77号,+86 027 83749240 83749999,,武汉地铁集团,114.329712928936110,,30.580695271938120
587D355CB3404EAC8429B5F67272F5E6,武汉市江汉区红旗渠路98号,027-85313142,,武汉市市政建设集团有限公司,114.249429945650412,430023,30.622856208105033
C1B680B9155F41A4A602B3448DB440D7,中国 · 武汉市东湖高新佳园路2号高科大厦19楼,(86-27)-87592017/87592019,,武汉高科国有控股集团有限公司,114.430530594882225,430074,30.505387256529787
B21958E5C3A74A21BF39E4DDB8E28F21,武汉市武昌区欢乐大道77号,+86 027 83749240 83749999,,武汉地铁集团,114.329712928936110,,30.580695271938120
587D355CB3404EAC8429B5F67272F5E6,武汉市江汉区红旗渠路98号,027-85313142,,武汉市市政建设集团有限公司,114.249429945650412,430023,30.622856208105033
C1B680B9155F41A4A602B3448DB440D7,中国 · 武汉市东湖高新佳园路2号高科大厦19楼,(86-27)-87592017/87592019,,武汉高科国有控股集团有限公司,114.430530594882225,430074,30.505387256529787
B21958E5C3A74A21BF39E4DDB8E28F21,武汉市武昌区欢乐大道77号,+86 027 83749240 83749999,,武汉地铁集团,114.329712928936110,,30.580695271938120
587D355CB3404EAC8429B5F67272F5E6,武汉市江汉区红旗渠路98号,027-85313142,,武汉市市政建设集团有限公司,114.249429945650412,430023,30.622856208105033
C1B680B9155F41A4A602B3448DB440D7,中国 · 武汉市东湖高新佳园路2号高科大厦19楼,(86-27)-87592017/87592019,,武汉高科国有控股集团有限公司,114.430530594882225,430074,30.505387256529787
B21958E5C3A74A21BF39E4DDB8E28F21,武汉市武昌区欢乐大道77号,+86 027 83749240 83749999,,武汉地铁集团,114.329712928936110,,30.580695271938120
587D355CB3404EAC8429B5F67272F5E6,武汉市江汉区红旗渠路98号,027-85313142,,武汉市市政建设集团有限公司,114.249429945650412,430023,30.622856208105033
C1B680B9155F41A4A602B3448DB440D7,中国 · 武汉市东湖高新佳园路2号高科大厦19楼,(86-27)-87592017/87592019,,武汉高科国有控股集团有限公司,114.430530594882225,430074,30.505387256529787
B21958E5C3A74A21BF39E4DDB8E28F21,武汉市武昌区欢乐大道77号,+86 027 83749240 83749999,,武汉地铁集团,114.329712928936110,,30.580695271938120
A80D1DDBA76B4F35B39002642D6DD670,湖北省武汉市江汉区淮海路泛海国际SOHO城8栋10楼,027-84712618 84718840,,一棉集团,114.247965098838311,,30.599680129366608
46AAA42B5849480AB515D8E42E503CDC,湖北省武汉市江岸区江大路30号3-4楼,,,武汉环境投资集团有限公司,114.288438655310593,430010,30.618174528747519
A80D1DDBA76B4F35B39002642D6DD670,湖北省武汉市江汉区淮海路泛海国际SOHO城8栋10楼,027-84712618 84718840,,一棉集团,114.247965098838311,,30.599680129366608
46AAA42B5849480AB515D8E42E503CDC,湖北省武汉市江岸区江大路30号3-4楼,,,武汉环境投资集团有限公司,114.288438655310593,430010,30.618174528747519
672E368BC14E4431954BA5CC0EF372AF,武汉市东西湖区常青花园常青北路240号附2,86-027-85607802,,武汉新港建设投资开发集团有限公司,114.231038260298675,430023,30.637849884081942
A4C5286BF0C34120AA9772B4CA03375F,中国武汉市汉口常青路55号(原仙桃汉办),027—83696939 83696999,,武汉中央商务区投资控股集团有限公司,114.250129922620652,,30.610627461829027
584E719BB67F42C6A97DB046C31E526E,汉口沿江大道68号,027-82840282,,武汉港务集团有限公司,114.294599160477882,430021,30.570454513929132
672E368BC14E4431954BA5CC0EF372AF,武汉市东西湖区常青花园常青北路240号附2,86-027-85607802,,武汉新港建设投资开发集团有限公司,114.231038260298675,430023,30.637849884081942
A4C5286BF0C34120AA9772B4CA03375F,中国武汉市汉口常青路55号(原仙桃汉办),027—83696939 83696999,,武汉中央商务区投资控股集团有限公司,114.250129922620652,,30.610627461829027
584E719BB67F42C6A97DB046C31E526E,汉口沿江大道68号,027-82840282,,武汉港务集团有限公司,114.294599160477882,430021,30.570454513929132
672E368BC14E4431954BA5CC0EF372AF,武汉市东西湖区常青花园常青北路240号附2,86-027-85607802,,武汉新港建设投资开发集团有限公司,114.231038260298675,430023,30.637849884081942
A4C5286BF0C34120AA9772B4CA03375F,中国武汉市汉口常青路55号(原仙桃汉办),027—83696939 83696999,,武汉中央商务区投资控股集团有限公司,114.250129922620652,,30.610627461829027
584E719BB67F42C6A97DB046C31E526E,汉口沿江大道68号,027-82840282,,武汉港务集团有限公司,114.294599160477882,430021,30.570454513929132
672E368BC14E4431954BA5CC0EF372AF,武汉市东西湖区常青花园常青北路240号附2,86-027-85607802,,武汉新港建设投资开发集团有限公司,114.231038260298675,430023,30.637849884081942
A4C5286BF0C34120AA9772B4CA03375F,中国武汉市汉口常青路55号(原仙桃汉办),027—83696939 83696999,,武汉中央商务区投资控股集团有限公司,114.250129922620652,,30.610627461829027
584E719BB67F42C6A97DB046C31E526E,汉口沿江大道68号,027-82840282,,武汉港务集团有限公司,114.294599160477882,430021,30.570454513929132
672E368BC14E4431954BA5CC0EF372AF,武汉市东西湖区常青花园常青北路240号附2,86-027-85607802,,武汉新港建设投资开发集团有限公司,114.231038260298675,430023,30.637849884081942
A4C5286BF0C34120AA9772B4CA03375F,中国武汉市汉口常青路55号(原仙桃汉办),027—83696939 83696999,,武汉中央商务区投资控股集团有限公司,114.250129922620652,,30.610627461829027
584E719BB67F42C6A97DB046C31E526E,汉口沿江大道68号,027-82840282,,武汉港务集团有限公司,114.294599160477882,430021,30.570454513929132
672E368BC14E4431954BA5CC0EF372AF,武汉市东西湖区常青花园常青北路240号附2,86-027-85607802,,武汉新港建设投资开发集团有限公司,114.231038260298675,430023,30.637849884081942
A4C5286BF0C34120AA9772B4CA03375F,中国武汉市汉口常青路55号(原仙桃汉办),027—83696939 83696999,,武汉中央商务区投资控股集团有限公司,114.250129922620652,,30.610627461829027
584E719BB67F42C6A97DB046C31E526E,汉口沿江大道68号,027-82840282,,武汉港务集团有限公司,114.294599160477882,430021,30.570454513929132
672E368BC14E4431954BA5CC0EF372AF,武汉市东西湖区常青花园常青北路240号附2,86-027-85607802,,武汉新港建设投资开发集团有限公司,114.231038260298675,430023,30.637849884081942
A4C5286BF0C34120AA9772B4CA03375F,中国武汉市汉口常青路55号(原仙桃汉办),027—83696939 83696999,,武汉中央商务区投资控股集团有限公司,114.250129922620652,,30.610627461829027
584E719BB67F42C6A97DB046C31E526E,汉口沿江大道68号,027-82840282,,武汉港务集团有限公司,114.294599160477882,430021,30.570454513929132
672E368BC14E4431954BA5CC0EF372AF,武汉市东西湖区常青花园常青北路240号附2,86-027-85607802,,武汉新港建设投资开发集团有限公司,114.231038260298675,430023,30.637849884081942
A4C5286BF0C34120AA9772B4CA03375F,中国武汉市汉口常青路55号(原仙桃汉办),027—83696939 83696999,,武汉中央商务区投资控股集团有限公司,114.250129922620652,,30.610627461829027
584E719BB67F42C6A97DB046C31E526E,汉口沿江大道68号,027-82840282,,武汉港务集团有限公司,114.294599160477882,430021,30.570454513929132
672E368BC14E4431954BA5CC0EF372AF,武汉市东西湖区常青花园常青北路240号附2,86-027-85607802,,武汉新港建设投资开发集团有限公司,114.231038260298675,430023,30.637849884081942
A4C5286BF0C34120AA9772B4CA03375F,中国武汉市汉口常青路55号(原仙桃汉办),027—83696939 83696999,,武汉中央商务区投资控股集团有限公司,114.250129922620652,,30.610627461829027
584E719BB67F42C6A97DB046C31E526E,汉口沿江大道68号,027-82840282,,武汉港务集团有限公司,114.294599160477882,430021,30.570454513929132
672E368BC14E4431954BA5CC0EF372AF,武汉市东西湖区常青花园常青北路240号附2,86-027-85607802,,武汉新港建设投资开发集团有限公司,114.231038260298675,430023,30.637849884081942
A4C5286BF0C34120AA9772B4CA03375F,中国武汉市汉口常青路55号(原仙桃汉办),027—83696939 83696999,,武汉中央商务区投资控股集团有限公司,114.250129922620652,,30.610627461829027
584E719BB67F42C6A97DB046C31E526E,汉口沿江大道68号,027-82840282,,武汉港务集团有限公司,114.294599160477882,430021,30.570454513929132
672E368BC14E4431954BA5CC0EF372AF,武汉市东西湖区常青花园常青北路240号附2,86-027-85607802,,武汉新港建设投资开发集团有限公司,114.231038260298675,430023,30.637849884081942
A4C5286BF0C34120AA9772B4CA03375F,中国武汉市汉口常青路55号(原仙桃汉办),027—83696939 83696999,,武汉中央商务区投资控股集团有限公司,114.250129922620652,,30.610627461829027
584E719BB67F42C6A97DB046C31E526E,汉口沿江大道68号,027-82840282,,武汉港务集团有限公司,114.294599160477882,430021,30.570454513929132
672E368BC14E4431954BA5CC0EF372AF,武汉市东西湖区常青花园常青北路240号附2,86-027-85607802,,武汉新港建设投资开发集团有限公司,114.231038260298675,430023,30.637849884081942
A4C5286BF0C34120AA9772B4CA03375F,中国武汉市汉口常青路55号(原仙桃汉办),027—83696939 83696999,,武汉中央商务区投资控股集团有限公司,114.250129922620652,,30.610627461829027
584E719BB67F42C6A97DB046C31E526E,汉口沿江大道68号,027-82840282,,武汉港务集团有限公司,114.294599160477882,430021,30.570454513929132
672E368BC14E4431954BA5CC0EF372AF,武汉市东西湖区常青花园常青北路240号附2,86-027-85607802,,武汉新港建设投资开发集团有限公司,114.231038260298675,430023,30.637849884081942
A4C5286BF0C34120AA9772B4CA03375F,中国武汉市汉口常青路55号(原仙桃汉办),027—83696939 83696999,,武汉中央商务区投资控股集团有限公司,114.250129922620652,,30.610627461829027
584E719BB67F42C6A97DB046C31E526E,汉口沿江大道68号,027-82840282,,武汉港务集团有限公司,114.294599160477882,430021,30.570454513929132
672E368BC14E4431954BA5CC0EF372AF,武汉市东西湖区常青花园常青北路240号附2,86-027-85607802,,武汉新港建设投资开发集团有限公司,114.231038260298675,430023,30.637849884081942
A4C5286BF0C34120AA9772B4CA03375F,中国武汉市汉口常青路55号(原仙桃汉办),027—83696939 83696999,,武汉中央商务区投资控股集团有限公司,114.250129922620652,,30.610627461829027
584E719BB67F42C6A97DB046C31E526E,汉口沿江大道68号,027-82840282,,武汉港务集团有限公司,114.294599160477882,430021,30.570454513929132
672E368BC14E4431954BA5CC0EF372AF,武汉市东西湖区常青花园常青北路240号附2,86-027-85607802,,武汉新港建设投资开发集团有限公司,114.231038260298675,430023,30.637849884081942
A4C5286BF0C34120AA9772B4CA03375F,中国武汉市汉口常青路55号(原仙桃汉办),027—83696939 83696999,,武汉中央商务区投资控股集团有限公司,114.250129922620652,,30.610627461829027
584E719BB67F42C6A97DB046C31E526E,汉口沿江大道68号,027-82840282,,武汉港务集团有限公司,114.294599160477882,430021,30.570454513929132
672E368BC14E4431954BA5CC0EF372AF,武汉市东西湖区常青花园常青北路240号附2,86-027-85607802,,武汉新港建设投资开发集团有限公司,114.231038260298675,430023,30.637849884081942
A4C5286BF0C34120AA9772B4CA03375F,中国武汉市汉口常青路55号(原仙桃汉办),027—83696939 83696999,,武汉中央商务区投资控股集团有限公司,114.250129922620652,,30.610627461829027
584E719BB67F42C6A97DB046C31E526E,汉口沿江大道68号,027-82840282,,武汉港务集团有限公司,114.294599160477882,430021,30.570454513929132
672E368BC14E4431954BA5CC0EF372AF,武汉市东西湖区常青花园常青北路240号附2,86-027-85607802,,武汉新港建设投资开发集团有限公司,114.231038260298675,430023,30.637849884081942
A4C5286BF0C34120AA9772B4CA03375F,中国武汉市汉口常青路55号(原仙桃汉办),027—83696939 83696999,,武汉中央商务区投资控股集团有限公司,114.250129922620652,,30.610627461829027
584E719BB67F42C6A97DB046C31E526E,汉口沿江大道68号,027-82840282,,武汉港务集团有限公司,114.294599160477882,430021,30.570454513929132
672E368BC14E4431954BA5CC0EF372AF,武汉市东西湖区常青花园常青北路240号附2,86-027-85607802,,武汉新港建设投资开发集团有限公司,114.231038260298675,430023,30.637849884081942
A4C5286BF0C34120AA9772B4CA03375F,中国武汉市汉口常青路55号(原仙桃汉办),027—83696939 83696999,,武汉中央商务区投资控股集团有限公司,114.250129922620652,,30.610627461829027
584E719BB67F42C6A97DB046C31E526E,汉口沿江大道68号,027-82840282,,武汉港务集团有限公司,114.294599160477882,430021,30.570454513929132
672E368BC14E4431954BA5CC0EF372AF,武汉市东西湖区常青花园常青北路240号附2,86-027-85607802,,武汉新港建设投资开发集团有限公司,114.231038260298675,430023,30.637849884081942
A4C5286BF0C34120AA9772B4CA03375F,中国武汉市汉口常青路55号(原仙桃汉办),027—83696939 83696999,,武汉中央商务区投资控股集团有限公司,114.250129922620652,,30.610627461829027
584E719BB67F42C6A97DB046C31E526E,汉口沿江大道68号,027-82840282,,武汉港务集团有限公司,114.294599160477882,430021,30.570454513929132
672E368BC14E4431954BA5CC0EF372AF,武汉市东西湖区常青花园常青北路240号附2,86-027-85607802,,武汉新港建设投资开发集团有限公司,114.231038260298675,430023,30.637849884081942
A4C5286BF0C34120AA9772B4CA03375F,中国武汉市汉口常青路55号(原仙桃汉办),027—83696939 83696999,,武汉中央商务区投资控股集团有限公司,114.250129922620652,,30.610627461829027
584E719BB67F42C6A97DB046C31E526E,汉口沿江大道68号,027-82840282,,武汉港务集团有限公司,114.294599160477882,430021,30.570454513929132
584E719BB67F42C6A97DB046C31E526E,汉口沿江大道68号,027-82840282,,武汉港务集团有限公司,114.294599160477882,430021,30.570454513929132
672E368BC14E4431954BA5CC0EF372AF,武汉市东西湖区常青花园常青北路240号附2,86-027-85607802,,武汉新港建设投资开发集团有限公司,114.231038260298675,430023,30.637849884081942
A4C5286BF0C34120AA9772B4CA03375F,中国武汉市汉口常青路55号(原仙桃汉办),027—83696939 83696999,,武汉中央商务区投资控股集团有限公司,114.250129922620652,,30.610627461829027
584E719BB67F42C6A97DB046C31E526E,汉口沿江大道68号,027-82840282,,武汉港务集团有限公司,114.294599160477882,430021,30.570454513929132
672E368BC14E4431954BA5CC0EF372AF,武汉市东西湖区常青花园常青北路240号附2,86-027-85607802,,武汉新港建设投资开发集团有限公司,114.231038260298675,430023,30.637849884081942
A4C5286BF0C34120AA9772B4CA03375F,中国武汉市汉口常青路55号(原仙桃汉办),027—83696939 83696999,,武汉中央商务区投资控股集团有限公司,114.250129922620652,,30.610627461829027
584E719BB67F42C6A97DB046C31E526E,汉口沿江大道68号,027-82840282,,武汉港务集团有限公司,114.294599160477882,430021,30.570454513929132
672E368BC14E4431954BA5CC0EF372AF,武汉市东西湖区常青花园常青北路240号附2,86-027-85607802,,武汉新港建设投资开发集团有限公司,114.231038260298675,430023,30.637849884081942
A4C5286BF0C34120AA9772B4CA03375F,中国武汉市汉口常青路55号(原仙桃汉办),027—83696939 83696999,,武汉中央商务区投资控股集团有限公司,114.250129922620652,,30.610627461829027
584E719BB67F42C6A97DB046C31E526E,汉口沿江大道68号,027-82840282,,武汉港务集团有限公司,114.294599160477882,430021,30.570454513929132
672E368BC14E4431954BA5CC0EF372AF,武汉市东西湖区常青花园常青北路240号附2,86-027-85607802,,武汉新港建设投资开发集团有限公司,114.231038260298675,430023,30.637849884081942
A4C5286BF0C34120AA9772B4CA03375F,中国武汉市汉口常青路55号(原仙桃汉办),027—83696939 83696999,,武汉中央商务区投资控股集团有限公司,114.250129922620652,,30.610627461829027
584E719BB67F42C6A97DB046C31E526E,汉口沿江大道68号,027-82840282,,武汉港务集团有限公司,114.294599160477882,430021,30.570454513929132
672E368BC14E4431954BA5CC0EF372AF,武汉市东西湖区常青花园常青北路240号附2,86-027-85607802,,武汉新港建设投资开发集团有限公司,114.231038260298675,430023,30.637849884081942
A4C5286BF0C34120AA9772B4CA03375F,中国武汉市汉口常青路55号(原仙桃汉办),027—83696939 83696999,,武汉中央商务区投资控股集团有限公司,114.250129922620652,,30.610627461829027
584E719BB67F42C6A97DB046C31E526E,汉口沿江大道68号,027-82840282,,武汉港务集团有限公司,114.294599160477882,430021,30.570454513929132
672E368BC14E4431954BA5CC0EF372AF,武汉市东西湖区常青花园常青北路240号附2,86-027-85607802,,武汉新港建设投资开发集团有限公司,114.231038260298675,430023,30.637849884081942
A4C5286BF0C34120AA9772B4CA03375F,中国武汉市汉口常青路55号(原仙桃汉办),027—83696939 83696999,,武汉中央商务区投资控股集团有限公司,114.250129922620652,,30.610627461829027
584E719BB67F42C6A97DB046C31E526E,汉口沿江大道68号,027-82840282,,武汉港务集团有限公司,114.294599160477882,430021,30.570454513929132
672E368BC14E4431954BA5CC0EF372AF,武汉市东西湖区常青花园常青北路240号附2,86-027-85607802,,武汉新港建设投资开发集团有限公司,114.231038260298675,430023,30.637849884081942
A4C5286BF0C34120AA9772B4CA03375F,中国武汉市汉口常青路55号(原仙桃汉办),027—83696939 83696999,,武汉中央商务区投资控股集团有限公司,114.250129922620652,,30.610627461829027
584E719BB67F42C6A97DB046C31E526E,汉口沿江大道68号,027-82840282,,武汉港务集团有限公司,114.294599160477882,430021,30.570454513929132
672E368BC14E4431954BA5CC0EF372AF,武汉市东西湖区常青花园常青北路240号附2,86-027-85607802,,武汉新港建设投资开发集团有限公司,114.231038260298675,430023,30.637849884081942
A4C5286BF0C34120AA9772B4CA03375F,中国武汉市汉口常青路55号(原仙桃汉办),027—83696939 83696999,,武汉中央商务区投资控股集团有限公司,114.250129922620652,,30.610627461829027
584E719BB67F42C6A97DB046C31E526E,汉口沿江大道68号,027-82840282,,武汉港务集团有限公司,114.294599160477882,430021,30.570454513929132
672E368BC14E4431954BA5CC0EF372AF,武汉市东西湖区常青花园常青北路240号附2,86-027-85607802,,武汉新港建设投资开发集团有限公司,114.231038260298675,430023,30.637849884081942
A4C5286BF0C34120AA9772B4CA03375F,中国武汉市汉口常青路55号(原仙桃汉办),027—83696939 83696999,,武汉中央商务区投资控股集团有限公司,114.250129922620652,,30.610627461829027
584E719BB67F42C6A97DB046C31E526E,汉口沿江大道68号,027-82840282,,武汉港务集团有限公司,114.294599160477882,430021,30.570454513929132
672E368BC14E4431954BA5CC0EF372AF,武汉市东西湖区常青花园常青北路240号附2,86-027-85607802,,武汉新港建设投资开发集团有限公司,114.231038260298675,430023,30.637849884081942
A4C5286BF0C34120AA9772B4CA03375F,中国武汉市汉口常青路55号(原仙桃汉办),027—83696939 83696999,,武汉中央商务区投资控股集团有限公司,114.250129922620652,,30.610627461829027
584E719BB67F42C6A97DB046C31E526E,汉口沿江大道68号,027-82840282,,武汉港务集团有限公司,114.294599160477882,430021,30.570454513929132
672E368BC14E4431954BA5CC0EF372AF,武汉市东西湖区常青花园常青北路240号附2,86-027-85607802,,武汉新港建设投资开发集团有限公司,114.231038260298675,430023,30.637849884081942
A4C5286BF0C34120AA9772B4CA03375F,中国武汉市汉口常青路55号(原仙桃汉办),027—83696939 83696999,,武汉中央商务区投资控股集团有限公司,114.250129922620652,,30.610627461829027
584E719BB67F42C6A97DB046C31E526E,汉口沿江大道68号,027-82840282,,武汉港务集团有限公司,114.294599160477882,430021,30.570454513929132
672E368BC14E4431954BA5CC0EF372AF,武汉市东西湖区常青花园常青北路240号附2,86-027-85607802,,武汉新港建设投资开发集团有限公司,114.231038260298675,430023,30.637849884081942
A4C5286BF0C34120AA9772B4CA03375F,中国武汉市汉口常青路55号(原仙桃汉办),027—83696939 83696999,,武汉中央商务区投资控股集团有限公司,114.250129922620652,,30.610627461829027
C366E971674249869A5EA29B70A339C9,武汉市建设大道715号银泉大厦三楼,,,武汉农业集团有限公司,114.273689810296271,,30.597587026109318
8D1820511918460B932AA17149207C8E,武汉市长江日报路77号投资大厦,（86）027-85565670,,武汉经济发展投资（集团）有限公司,114.279700353465803,430015,30.601954356142421
815069A6072B44548FFC34ECC4BE12D8,武汉市解放大道1127号富商大厦8－9楼,027-83640889,,武汉商贸国有控股集团有限公司,114.265060332414737,430030,30.580018680972126
C366E971674249869A5EA29B70A339C9,武汉市建设大道715号银泉大厦三楼,,,武汉农业集团有限公司,114.273689810296271,,30.597587026109318
8D1820511918460B932AA17149207C8E,武汉市长江日报路77号投资大厦,（86）027-85565670,,武汉经济发展投资（集团）有限公司,114.279700353465803,430015,30.601954356142421
815069A6072B44548FFC34ECC4BE12D8,武汉市解放大道1127号富商大厦8－9楼,027-83640889,,武汉商贸国有控股集团有限公司,114.265060332414737,430030,30.580018680972126
C366E971674249869A5EA29B70A339C9,武汉市建设大道715号银泉大厦三楼,,,武汉农业集团有限公司,114.273689810296271,,30.597587026109318
8D1820511918460B932AA17149207C8E,武汉市长江日报路77号投资大厦,（86）027-85565670,,武汉经济发展投资（集团）有限公司,114.279700353465803,430015,30.601954356142421
815069A6072B44548FFC34ECC4BE12D8,武汉市解放大道1127号富商大厦8－9楼,027-83640889,,武汉商贸国有控股集团有限公司,114.265060332414737,430030,30.580018680972126
C366E971674249869A5EA29B70A339C9,武汉市建设大道715号银泉大厦三楼,,,武汉农业集团有限公司,114.273689810296271,,30.597587026109318
8D1820511918460B932AA17149207C8E,武汉市长江日报路77号投资大厦,（86）027-85565670,,武汉经济发展投资（集团）有限公司,114.279700353465803,430015,30.601954356142421
815069A6072B44548FFC34ECC4BE12D8,武汉市解放大道1127号富商大厦8－9楼,027-83640889,,武汉商贸国有控股集团有限公司,114.265060332414737,430030,30.580018680972126
C366E971674249869A5EA29B70A339C9,武汉市建设大道715号银泉大厦三楼,,,武汉农业集团有限公司,114.273689810296271,,30.597587026109318
8D1820511918460B932AA17149207C8E,武汉市长江日报路77号投资大厦,（86）027-85565670,,武汉经济发展投资（集团）有限公司,114.279700353465803,430015,30.601954356142421
815069A6072B44548FFC34ECC4BE12D8,武汉市解放大道1127号富商大厦8－9楼,027-83640889,,武汉商贸国有控股集团有限公司,114.265060332414737,430030,30.580018680972126
C366E971674249869A5EA29B70A339C9,武汉市建设大道715号银泉大厦三楼,,,武汉农业集团有限公司,114.273689810296271,,30.597587026109318
8D1820511918460B932AA17149207C8E,武汉市长江日报路77号投资大厦,（86）027-85565670,,武汉经济发展投资（集团）有限公司,114.279700353465803,430015,30.601954356142421
815069A6072B44548FFC34ECC4BE12D8,武汉市解放大道1127号富商大厦8－9楼,027-83640889,,武汉商贸国有控股集团有限公司,114.265060332414737,430030,30.580018680972126
C366E971674249869A5EA29B70A339C9,武汉市建设大道715号银泉大厦三楼,,,武汉农业集团有限公司,114.273689810296271,,30.597587026109318
8D1820511918460B932AA17149207C8E,武汉市长江日报路77号投资大厦,（86）027-85565670,,武汉经济发展投资（集团）有限公司,114.279700353465803,430015,30.601954356142421
815069A6072B44548FFC34ECC4BE12D8,武汉市解放大道1127号富商大厦8－9楼,027-83640889,,武汉商贸国有控股集团有限公司,114.265060332414737,430030,30.580018680972126
C366E971674249869A5EA29B70A339C9,武汉市建设大道715号银泉大厦三楼,,,武汉农业集团有限公司,114.273689810296271,,30.597587026109318
8D1820511918460B932AA17149207C8E,武汉市长江日报路77号投资大厦,（86）027-85565670,,武汉经济发展投资（集团）有限公司,114.279700353465803,430015,30.601954356142421
815069A6072B44548FFC34ECC4BE12D8,武汉市解放大道1127号富商大厦8－9楼,027-83640889,,武汉商贸国有控股集团有限公司,114.265060332414737,430030,30.580018680972126
C366E971674249869A5EA29B70A339C9,武汉市建设大道715号银泉大厦三楼,,,武汉农业集团有限公司,114.273689810296271,,30.597587026109318
8D1820511918460B932AA17149207C8E,武汉市长江日报路77号投资大厦,（86）027-85565670,,武汉经济发展投资（集团）有限公司,114.279700353465803,430015,30.601954356142421
815069A6072B44548FFC34ECC4BE12D8,武汉市解放大道1127号富商大厦8－9楼,027-83640889,,武汉商贸国有控股集团有限公司,114.265060332414737,430030,30.580018680972126
C366E971674249869A5EA29B70A339C9,武汉市建设大道715号银泉大厦三楼,,,武汉农业集团有限公司,114.273689810296271,,30.597587026109318
8D1820511918460B932AA17149207C8E,武汉市长江日报路77号投资大厦,（86）027-85565670,,武汉经济发展投资（集团）有限公司,114.279700353465803,430015,30.601954356142421
815069A6072B44548FFC34ECC4BE12D8,武汉市解放大道1127号富商大厦8－9楼,027-83640889,,武汉商贸国有控股集团有限公司,114.265060332414737,430030,30.580018680972126
C366E971674249869A5EA29B70A339C9,武汉市建设大道715号银泉大厦三楼,,,武汉农业集团有限公司,114.273689810296271,,30.597587026109318
8D1820511918460B932AA17149207C8E,武汉市长江日报路77号投资大厦,（86）027-85565670,,武汉经济发展投资（集团）有限公司,114.279700353465803,430015,30.601954356142421
815069A6072B44548FFC34ECC4BE12D8,武汉市解放大道1127号富商大厦8－9楼,027-83640889,,武汉商贸国有控股集团有限公司,114.265060332414737,430030,30.580018680972126
C366E971674249869A5EA29B70A339C9,武汉市建设大道715号银泉大厦三楼,,,武汉农业集团有限公司,114.273689810296271,,30.597587026109318
8D1820511918460B932AA17149207C8E,武汉市长江日报路77号投资大厦,（86）027-85565670,,武汉经济发展投资（集团）有限公司,114.279700353465803,430015,30.601954356142421
815069A6072B44548FFC34ECC4BE12D8,武汉市解放大道1127号富商大厦8－9楼,027-83640889,,武汉商贸国有控股集团有限公司,114.265060332414737,430030,30.580018680972126
C366E971674249869A5EA29B70A339C9,武汉市建设大道715号银泉大厦三楼,,,武汉农业集团有限公司,114.273689810296271,,30.597587026109318
815069A6072B44548FFC34ECC4BE12D8,武汉市解放大道1127号富商大厦8－9楼,027-83640889,,武汉商贸国有控股集团有限公司,114.265060332414737,430030,30.580018680972126
C366E971674249869A5EA29B70A339C9,武汉市建设大道715号银泉大厦三楼,,,武汉农业集团有限公司,114.273689810296271,,30.597587026109318
8D1820511918460B932AA17149207C8E,武汉市长江日报路77号投资大厦,（86）027-85565670,,武汉经济发展投资（集团）有限公司,114.279700353465803,430015,30.601954356142421
815069A6072B44548FFC34ECC4BE12D8,武汉市解放大道1127号富商大厦8－9楼,027-83640889,,武汉商贸国有控股集团有限公司,114.265060332414737,430030,30.580018680972126
C366E971674249869A5EA29B70A339C9,武汉市建设大道715号银泉大厦三楼,,,武汉农业集团有限公司,114.273689810296271,,30.597587026109318
8D1820511918460B932AA17149207C8E,武汉市长江日报路77号投资大厦,（86）027-85565670,,武汉经济发展投资（集团）有限公司,114.279700353465803,430015,30.601954356142421
815069A6072B44548FFC34ECC4BE12D8,武汉市解放大道1127号富商大厦8－9楼,027-83640889,,武汉商贸国有控股集团有限公司,114.265060332414737,430030,30.580018680972126
C366E971674249869A5EA29B70A339C9,武汉市建设大道715号银泉大厦三楼,,,武汉农业集团有限公司,114.273689810296271,,30.597587026109318
8D1820511918460B932AA17149207C8E,武汉市长江日报路77号投资大厦,（86）027-85565670,,武汉经济发展投资（集团）有限公司,114.279700353465803,430015,30.601954356142421
815069A6072B44548FFC34ECC4BE12D8,武汉市解放大道1127号富商大厦8－9楼,027-83640889,,武汉商贸国有控股集团有限公司,114.265060332414737,430030,30.580018680972126
C366E971674249869A5EA29B70A339C9,武汉市建设大道715号银泉大厦三楼,,,武汉农业集团有限公司,114.273689810296271,,30.597587026109318
8D1820511918460B932AA17149207C8E,武汉市长江日报路77号投资大厦,（86）027-85565670,,武汉经济发展投资（集团）有限公司,114.279700353465803,430015,30.601954356142421
815069A6072B44548FFC34ECC4BE12D8,武汉市解放大道1127号富商大厦8－9楼,027-83640889,,武汉商贸国有控股集团有限公司,114.265060332414737,430030,30.580018680972126
C366E971674249869A5EA29B70A339C9,武汉市建设大道715号银泉大厦三楼,,,武汉农业集团有限公司,114.273689810296271,,30.597587026109318
8D1820511918460B932AA17149207C8E,武汉市长江日报路77号投资大厦,（86）027-85565670,,武汉经济发展投资（集团）有限公司,114.279700353465803,430015,30.601954356142421
815069A6072B44548FFC34ECC4BE12D8,武汉市解放大道1127号富商大厦8－9楼,027-83640889,,武汉商贸国有控股集团有限公司,114.265060332414737,430030,30.580018680972126
C366E971674249869A5EA29B70A339C9,武汉市建设大道715号银泉大厦三楼,,,武汉农业集团有限公司,114.273689810296271,,30.597587026109318
8D1820511918460B932AA17149207C8E,武汉市长江日报路77号投资大厦,（86）027-85565670,,武汉经济发展投资（集团）有限公司,114.279700353465803,430015,30.601954356142421
815069A6072B44548FFC34ECC4BE12D8,武汉市解放大道1127号富商大厦8－9楼,027-83640889,,武汉商贸国有控股集团有限公司,114.265060332414737,430030,30.580018680972126
C366E971674249869A5EA29B70A339C9,武汉市建设大道715号银泉大厦三楼,,,武汉农业集团有限公司,114.273689810296271,,30.597587026109318
8D1820511918460B932AA17149207C8E,武汉市长江日报路77号投资大厦,（86）027-85565670,,武汉经济发展投资（集团）有限公司,114.279700353465803,430015,30.601954356142421
815069A6072B44548FFC34ECC4BE12D8,武汉市解放大道1127号富商大厦8－9楼,027-83640889,,武汉商贸国有控股集团有限公司,114.265060332414737,430030,30.580018680972126
8D1820511918460B932AA17149207C8E,武汉市长江日报路77号投资大厦,（86）027-85565670,,武汉经济发展投资（集团）有限公司,114.279700353465803,430015,30.601954356142421
815069A6072B44548FFC34ECC4BE12D8,武汉市解放大道1127号富商大厦8－9楼,027-83640889,,武汉商贸国有控股集团有限公司,114.265060332414737,430030,30.580018680972126
C366E971674249869A5EA29B70A339C9,武汉市建设大道715号银泉大厦三楼,,,武汉农业集团有限公司,114.273689810296271,,30.597587026109318
8D1820511918460B932AA17149207C8E,武汉市长江日报路77号投资大厦,（86）027-85565670,,武汉经济发展投资（集团）有限公司,114.279700353465803,430015,30.601954356142421
815069A6072B44548FFC34ECC4BE12D8,武汉市解放大道1127号富商大厦8－9楼,027-83640889,,武汉商贸国有控股集团有限公司,114.265060332414737,430030,30.580018680972126
C366E971674249869A5EA29B70A339C9,武汉市建设大道715号银泉大厦三楼,,,武汉农业集团有限公司,114.273689810296271,,30.597587026109318
8D1820511918460B932AA17149207C8E,武汉市长江日报路77号投资大厦,（86）027-85565670,,武汉经济发展投资（集团）有限公司,114.279700353465803,430015,30.601954356142421
815069A6072B44548FFC34ECC4BE12D8,武汉市解放大道1127号富商大厦8－9楼,027-83640889,,武汉商贸国有控股集团有限公司,114.265060332414737,430030,30.580018680972126
C366E971674249869A5EA29B70A339C9,武汉市建设大道715号银泉大厦三楼,,,武汉农业集团有限公司,114.273689810296271,,30.597587026109318
8D1820511918460B932AA17149207C8E,武汉市长江日报路77号投资大厦,（86）027-85565670,,武汉经济发展投资（集团）有限公司,114.279700353465803,430015,30.601954356142421
815069A6072B44548FFC34ECC4BE12D8,武汉市解放大道1127号富商大厦8－9楼,027-83640889,,武汉商贸国有控股集团有限公司,114.265060332414737,430030,30.580018680972126
C366E971674249869A5EA29B70A339C9,武汉市建设大道715号银泉大厦三楼,,,武汉农业集团有限公司,114.273689810296271,,30.597587026109318
8D1820511918460B932AA17149207C8E,武汉市长江日报路77号投资大厦,（86）027-85565670,,武汉经济发展投资（集团）有限公司,114.279700353465803,430015,30.601954356142421
815069A6072B44548FFC34ECC4BE12D8,武汉市解放大道1127号富商大厦8－9楼,027-83640889,,武汉商贸国有控股集团有限公司,114.265060332414737,430030,30.580018680972126
C366E971674249869A5EA29B70A339C9,武汉市建设大道715号银泉大厦三楼,,,武汉农业集团有限公司,114.273689810296271,,30.597587026109318
8D1820511918460B932AA17149207C8E,武汉市长江日报路77号投资大厦,（86）027-85565670,,武汉经济发展投资（集团）有限公司,114.279700353465803,430015,30.601954356142421
815069A6072B44548FFC34ECC4BE12D8,武汉市解放大道1127号富商大厦8－9楼,027-83640889,,武汉商贸国有控股集团有限公司,114.265060332414737,430030,30.580018680972126
C366E971674249869A5EA29B70A339C9,武汉市建设大道715号银泉大厦三楼,,,武汉农业集团有限公司,114.273689810296271,,30.597587026109318
8D1820511918460B932AA17149207C8E,武汉市长江日报路77号投资大厦,（86）027-85565670,,武汉经济发展投资（集团）有限公司,114.279700353465803,430015,30.601954356142421
815069A6072B44548FFC34ECC4BE12D8,武汉市解放大道1127号富商大厦8－9楼,027-83640889,,武汉商贸国有控股集团有限公司,114.265060332414737,430030,30.580018680972126
C366E971674249869A5EA29B70A339C9,武汉市建设大道715号银泉大厦三楼,,,武汉农业集团有限公司,114.273689810296271,,30.597587026109318
8D1820511918460B932AA17149207C8E,武汉市长江日报路77号投资大厦,（86）027-85565670,,武汉经济发展投资（集团）有限公司,114.279700353465803,430015,30.601954356142421
815069A6072B44548FFC34ECC4BE12D8,武汉市解放大道1127号富商大厦8－9楼,027-83640889,,武汉商贸国有控股集团有限公司,114.265060332414737,430030,30.580018680972126
C366E971674249869A5EA29B70A339C9,武汉市建设大道715号银泉大厦三楼,,,武汉农业集团有限公司,114.273689810296271,,30.597587026109318
8D1820511918460B932AA17149207C8E,武汉市长江日报路77号投资大厦,（86）027-85565670,,武汉经济发展投资（集团）有限公司,114.279700353465803,430015,30.601954356142421
815069A6072B44548FFC34ECC4BE12D8,武汉市解放大道1127号富商大厦8－9楼,027-83640889,,武汉商贸国有控股集团有限公司,114.265060332414737,430030,30.580018680972126
C366E971674249869A5EA29B70A339C9,武汉市建设大道715号银泉大厦三楼,,,武汉农业集团有限公司,114.273689810296271,,30.597587026109318
8D1820511918460B932AA17149207C8E,武汉市长江日报路77号投资大厦,（86）027-85565670,,武汉经济发展投资（集团）有限公司,114.279700353465803,430015,30.601954356142421
815069A6072B44548FFC34ECC4BE12D8,武汉市解放大道1127号富商大厦8－9楼,027-83640889,,武汉商贸国有控股集团有限公司,114.265060332414737,430030,30.580018680972126
C366E971674249869A5EA29B70A339C9,武汉市建设大道715号银泉大厦三楼,,,武汉农业集团有限公司,114.273689810296271,,30.597587026109318
8D1820511918460B932AA17149207C8E,武汉市长江日报路77号投资大厦,（86）027-85565670,,武汉经济发展投资（集团）有限公司,114.279700353465803,430015,30.601954356142421
815069A6072B44548FFC34ECC4BE12D8,武汉市解放大道1127号富商大厦8－9楼,027-83640889,,武汉商贸国有控股集团有限公司,114.265060332414737,430030,30.580018680972126
C366E971674249869A5EA29B70A339C9,武汉市建设大道715号银泉大厦三楼,,,武汉农业集团有限公司,114.273689810296271,,30.597587026109318
8D1820511918460B932AA17149207C8E,武汉市长江日报路77号投资大厦,（86）027-85565670,,武汉经济发展投资（集团）有限公司,114.279700353465803,430015,30.601954356142421
815069A6072B44548FFC34ECC4BE12D8,武汉市解放大道1127号富商大厦8－9楼,027-83640889,,武汉商贸国有控股集团有限公司,114.265060332414737,430030,30.580018680972126
C366E971674249869A5EA29B70A339C9,武汉市建设大道715号银泉大厦三楼,,,武汉农业集团有限公司,114.273689810296271,,30.597587026109318
8D1820511918460B932AA17149207C8E,武汉市长江日报路77号投资大厦,（86）027-85565670,,武汉经济发展投资（集团）有限公司,114.279700353465803,430015,30.601954356142421
D94C1A54095F4E83879A1AA971128927,新洲区阳逻高新路特1号,027-87306155,,工贸家电,114.331509686945830,,30.537480793059929
0457753F163447D19E66457DE5745376,武汉市江岸区一元路洞庭街139号,,,武汉国有城乡建设投资集团公司,114.303760697551930,430000,30.591514191645891
D94C1A54095F4E83879A1AA971128927,新洲区阳逻高新路特1号,027-87306155,,工贸家电,114.331509686945830,,30.537480793059929
0457753F163447D19E66457DE5745376,武汉市江岸区一元路洞庭街139号,,,武汉国有城乡建设投资集团公司,114.303760697551930,430000,30.591514191645891
1D0A7ADA3B7A4F53A360A3F4C201A6B5,武汉市江汉区唐家墩路32号国资大厦B座,027-85613731,,武汉国有资产经营公司,114.272139182236958,,30.610959863809221
85401E6AEB604F09BF135DC97CA3B1B6,中国武汉市洪山区团结大道1020号,86-27-84719552,,武汉城投,114.360815755233722,,30.590361214968360
1D0A7ADA3B7A4F53A360A3F4C201A6B5,武汉市江汉区唐家墩路32号国资大厦B座,027-85613731,,武汉国有资产经营公司,114.272139182236958,,30.610959863809221
85401E6AEB604F09BF135DC97CA3B1B6,中国武汉市洪山区团结大道1020号,86-27-84719552,,武汉城投,114.360815755233722,,30.590361214968360
1D0A7ADA3B7A4F53A360A3F4C201A6B5,武汉市江汉区唐家墩路32号国资大厦B座,027-85613731,,武汉国有资产经营公司,114.272139182236958,,30.610959863809221
85401E6AEB604F09BF135DC97CA3B1B6,中国武汉市洪山区团结大道1020号,86-27-84719552,,武汉城投,114.360815755233722,,30.590361214968360
1D0A7ADA3B7A4F53A360A3F4C201A6B5,武汉市江汉区唐家墩路32号国资大厦B座,027-85613731,,武汉国有资产经营公司,114.272139182236958,,30.610959863809221
85401E6AEB604F09BF135DC97CA3B1B6,中国武汉市洪山区团结大道1020号,86-27-84719552,,武汉城投,114.360815755233722,,30.590361214968360
1D0A7ADA3B7A4F53A360A3F4C201A6B5,武汉市江汉区唐家墩路32号国资大厦B座,027-85613731,,武汉国有资产经营公司,114.272139182236958,,30.610959863809221
85401E6AEB604F09BF135DC97CA3B1B6,中国武汉市洪山区团结大道1020号,86-27-84719552,,武汉城投,114.360815755233722,,30.590361214968360
1D0A7ADA3B7A4F53A360A3F4C201A6B5,武汉市江汉区唐家墩路32号国资大厦B座,027-85613731,,武汉国有资产经营公司,114.272139182236958,,30.610959863809221
85401E6AEB604F09BF135DC97CA3B1B6,中国武汉市洪山区团结大道1020号,86-27-84719552,,武汉城投,114.360815755233722,,30.590361214968360
1D0A7ADA3B7A4F53A360A3F4C201A6B5,武汉市江汉区唐家墩路32号国资大厦B座,027-85613731,,武汉国有资产经营公司,114.272139182236958,,30.610959863809221
85401E6AEB604F09BF135DC97CA3B1B6,中国武汉市洪山区团结大道1020号,86-27-84719552,,武汉城投,114.360815755233722,,30.590361214968360
1D0A7ADA3B7A4F53A360A3F4C201A6B5,武汉市江汉区唐家墩路32号国资大厦B座,027-85613731,,武汉国有资产经营公司,114.272139182236958,,30.610959863809221
85401E6AEB604F09BF135DC97CA3B1B6,中国武汉市洪山区团结大道1020号,86-27-84719552,,武汉城投,114.360815755233722,,30.590361214968360
1D0A7ADA3B7A4F53A360A3F4C201A6B5,武汉市江汉区唐家墩路32号国资大厦B座,027-85613731,,武汉国有资产经营公司,114.272139182236958,,30.610959863809221
85401E6AEB604F09BF135DC97CA3B1B6,中国武汉市洪山区团结大道1020号,86-27-84719552,,武汉城投,114.360815755233722,,30.590361214968360
1D0A7ADA3B7A4F53A360A3F4C201A6B5,武汉市江汉区唐家墩路32号国资大厦B座,027-85613731,,武汉国有资产经营公司,114.272139182236958,,30.610959863809221
85401E6AEB604F09BF135DC97CA3B1B6,中国武汉市洪山区团结大道1020号,86-27-84719552,,武汉城投,114.360815755233722,,30.590361214968360
1D0A7ADA3B7A4F53A360A3F4C201A6B5,武汉市江汉区唐家墩路32号国资大厦B座,027-85613731,,武汉国有资产经营公司,114.272139182236958,,30.610959863809221
85401E6AEB604F09BF135DC97CA3B1B6,中国武汉市洪山区团结大道1020号,86-27-84719552,,武汉城投,114.360815755233722,,30.590361214968360
1D0A7ADA3B7A4F53A360A3F4C201A6B5,武汉市江汉区唐家墩路32号国资大厦B座,027-85613731,,武汉国有资产经营公司,114.272139182236958,,30.610959863809221
85401E6AEB604F09BF135DC97CA3B1B6,中国武汉市洪山区团结大道1020号,86-27-84719552,,武汉城投,114.360815755233722,,30.590361214968360
1D0A7ADA3B7A4F53A360A3F4C201A6B5,武汉市江汉区唐家墩路32号国资大厦B座,027-85613731,,武汉国有资产经营公司,114.272139182236958,,30.610959863809221
85401E6AEB604F09BF135DC97CA3B1B6,中国武汉市洪山区团结大道1020号,86-27-84719552,,武汉城投,114.360815755233722,,30.590361214968360
1D0A7ADA3B7A4F53A360A3F4C201A6B5,武汉市江汉区唐家墩路32号国资大厦B座,027-85613731,,武汉国有资产经营公司,114.272139182236958,,30.610959863809221
85401E6AEB604F09BF135DC97CA3B1B6,中国武汉市洪山区团结大道1020号,86-27-84719552,,武汉城投,114.360815755233722,,30.590361214968360
1D0A7ADA3B7A4F53A360A3F4C201A6B5,武汉市江汉区唐家墩路32号国资大厦B座,027-85613731,,武汉国有资产经营公司,114.272139182236958,,30.610959863809221
85401E6AEB604F09BF135DC97CA3B1B6,中国武汉市洪山区团结大道1020号,86-27-84719552,,武汉城投,114.360815755233722,,30.590361214968360
1D0A7ADA3B7A4F53A360A3F4C201A6B5,武汉市江汉区唐家墩路32号国资大厦B座,027-85613731,,武汉国有资产经营公司,114.272139182236958,,30.610959863809221
85401E6AEB604F09BF135DC97CA3B1B6,中国武汉市洪山区团结大道1020号,86-27-84719552,,武汉城投,114.360815755233722,,30.590361214968360
1D0A7ADA3B7A4F53A360A3F4C201A6B5,武汉市江汉区唐家墩路32号国资大厦B座,027-85613731,,武汉国有资产经营公司,114.272139182236958,,30.610959863809221
85401E6AEB604F09BF135DC97CA3B1B6,中国武汉市洪山区团结大道1020号,86-27-84719552,,武汉城投,114.360815755233722,,30.590361214968360
1D0A7ADA3B7A4F53A360A3F4C201A6B5,武汉市江汉区唐家墩路32号国资大厦B座,027-85613731,,武汉国有资产经营公司,114.272139182236958,,30.610959863809221
85401E6AEB604F09BF135DC97CA3B1B6,中国武汉市洪山区团结大道1020号,86-27-84719552,,武汉城投,114.360815755233722,,30.590361214968360
1D0A7ADA3B7A4F53A360A3F4C201A6B5,武汉市江汉区唐家墩路32号国资大厦B座,027-85613731,,武汉国有资产经营公司,114.272139182236958,,30.610959863809221
85401E6AEB604F09BF135DC97CA3B1B6,中国武汉市洪山区团结大道1020号,86-27-84719552,,武汉城投,114.360815755233722,,30.590361214968360
1D0A7ADA3B7A4F53A360A3F4C201A6B5,武汉市江汉区唐家墩路32号国资大厦B座,027-85613731,,武汉国有资产经营公司,114.272139182236958,,30.610959863809221
85401E6AEB604F09BF135DC97CA3B1B6,中国武汉市洪山区团结大道1020号,86-27-84719552,,武汉城投,114.360815755233722,,30.590361214968360
1D0A7ADA3B7A4F53A360A3F4C201A6B5,武汉市江汉区唐家墩路32号国资大厦B座,027-85613731,,武汉国有资产经营公司,114.272139182236958,,30.610959863809221
85401E6AEB604F09BF135DC97CA3B1B6,中国武汉市洪山区团结大道1020号,86-27-84719552,,武汉城投,114.360815755233722,,30.590361214968360
1D0A7ADA3B7A4F53A360A3F4C201A6B5,武汉市江汉区唐家墩路32号国资大厦B座,027-85613731,,武汉国有资产经营公司,114.272139182236958,,30.610959863809221
85401E6AEB604F09BF135DC97CA3B1B6,中国武汉市洪山区团结大道1020号,86-27-84719552,,武汉城投,114.360815755233722,,30.590361214968360
1D0A7ADA3B7A4F53A360A3F4C201A6B5,武汉市江汉区唐家墩路32号国资大厦B座,027-85613731,,武汉国有资产经营公司,114.272139182236958,,30.610959863809221
85401E6AEB604F09BF135DC97CA3B1B6,中国武汉市洪山区团结大道1020号,86-27-84719552,,武汉城投,114.360815755233722,,30.590361214968360
1D0A7ADA3B7A4F53A360A3F4C201A6B5,武汉市江汉区唐家墩路32号国资大厦B座,027-85613731,,武汉国有资产经营公司,114.272139182236958,,30.610959863809221
85401E6AEB604F09BF135DC97CA3B1B6,中国武汉市洪山区团结大道1020号,86-27-84719552,,武汉城投,114.360815755233722,,30.590361214968360
1D0A7ADA3B7A4F53A360A3F4C201A6B5,武汉市江汉区唐家墩路32号国资大厦B座,027-85613731,,武汉国有资产经营公司,114.272139182236958,,30.610959863809221
85401E6AEB604F09BF135DC97CA3B1B6,中国武汉市洪山区团结大道1020号,86-27-84719552,,武汉城投,114.360815755233722,,30.590361214968360
1D0A7ADA3B7A4F53A360A3F4C201A6B5,武汉市江汉区唐家墩路32号国资大厦B座,027-85613731,,武汉国有资产经营公司,114.272139182236958,,30.610959863809221
85401E6AEB604F09BF135DC97CA3B1B6,中国武汉市洪山区团结大道1020号,86-27-84719552,,武汉城投,114.360815755233722,,30.590361214968360
1D0A7ADA3B7A4F53A360A3F4C201A6B5,武汉市江汉区唐家墩路32号国资大厦B座,027-85613731,,武汉国有资产经营公司,114.272139182236958,,30.610959863809221
85401E6AEB604F09BF135DC97CA3B1B6,中国武汉市洪山区团结大道1020号,86-27-84719552,,武汉城投,114.360815755233722,,30.590361214968360
1D0A7ADA3B7A4F53A360A3F4C201A6B5,武汉市江汉区唐家墩路32号国资大厦B座,027-85613731,,武汉国有资产经营公司,114.272139182236958,,30.610959863809221
85401E6AEB604F09BF135DC97CA3B1B6,中国武汉市洪山区团结大道1020号,86-27-84719552,,武汉城投,114.360815755233722,,30.590361214968360
1D0A7ADA3B7A4F53A360A3F4C201A6B5,武汉市江汉区唐家墩路32号国资大厦B座,027-85613731,,武汉国有资产经营公司,114.272139182236958,,30.610959863809221
85401E6AEB604F09BF135DC97CA3B1B6,中国武汉市洪山区团结大道1020号,86-27-84719552,,武汉城投,114.360815755233722,,30.590361214968360
1D0A7ADA3B7A4F53A360A3F4C201A6B5,武汉市江汉区唐家墩路32号国资大厦B座,027-85613731,,武汉国有资产经营公司,114.272139182236958,,30.610959863809221
85401E6AEB604F09BF135DC97CA3B1B6,中国武汉市洪山区团结大道1020号,86-27-84719552,,武汉城投,114.360815755233722,,30.590361214968360
1D0A7ADA3B7A4F53A360A3F4C201A6B5,武汉市江汉区唐家墩路32号国资大厦B座,027-85613731,,武汉国有资产经营公司,114.272139182236958,,30.610959863809221
85401E6AEB604F09BF135DC97CA3B1B6,中国武汉市洪山区团结大道1020号,86-27-84719552,,武汉城投,114.360815755233722,,30.590361214968360
1D0A7ADA3B7A4F53A360A3F4C201A6B5,武汉市江汉区唐家墩路32号国资大厦B座,027-85613731,,武汉国有资产经营公司,114.272139182236958,,30.610959863809221
85401E6AEB604F09BF135DC97CA3B1B6,中国武汉市洪山区团结大道1020号,86-27-84719552,,武汉城投,114.360815755233722,,30.590361214968360
22241873777547ECBDC14E647BBB6D65,武汉市硚口区硚口路160号,,,武汉公交集团,114.252202137572972,,30.576144723079367
A4EACA2CC3054798961A59E69C3C1DEE,武汉市江汉区新华路25号伟业大厦,027-68855300,,武汉地产集团,114.274030309777853,,30.590172872545801
22241873777547ECBDC14E647BBB6D65,武汉市硚口区硚口路160号,,,武汉公交集团,114.252202137572972,,30.576144723079367
A4EACA2CC3054798961A59E69C3C1DEE,武汉市江汉区新华路25号伟业大厦,027-68855300,,武汉地产集团,114.274030309777853,,30.590172872545801
22241873777547ECBDC14E647BBB6D65,武汉市硚口区硚口路160号,,,武汉公交集团,114.252202137572972,,30.576144723079367
A4EACA2CC3054798961A59E69C3C1DEE,武汉市江汉区新华路25号伟业大厦,027-68855300,,武汉地产集团,114.274030309777853,,30.590172872545801
22241873777547ECBDC14E647BBB6D65,武汉市硚口区硚口路160号,,,武汉公交集团,114.252202137572972,,30.576144723079367
A4EACA2CC3054798961A59E69C3C1DEE,武汉市江汉区新华路25号伟业大厦,027-68855300,,武汉地产集团,114.274030309777853,,30.590172872545801
22241873777547ECBDC14E647BBB6D65,武汉市硚口区硚口路160号,,,武汉公交集团,114.252202137572972,,30.576144723079367
A4EACA2CC3054798961A59E69C3C1DEE,武汉市江汉区新华路25号伟业大厦,027-68855300,,武汉地产集团,114.274030309777853,,30.590172872545801
22241873777547ECBDC14E647BBB6D65,武汉市硚口区硚口路160号,,,武汉公交集团,114.252202137572972,,30.576144723079367
A4EACA2CC3054798961A59E69C3C1DEE,武汉市江汉区新华路25号伟业大厦,027-68855300,,武汉地产集团,114.274030309777853,,30.590172872545801
22241873777547ECBDC14E647BBB6D65,武汉市硚口区硚口路160号,,,武汉公交集团,114.252202137572972,,30.576144723079367
A4EACA2CC3054798961A59E69C3C1DEE,武汉市江汉区新华路25号伟业大厦,027-68855300,,武汉地产集团,114.274030309777853,,30.590172872545801
22241873777547ECBDC14E647BBB6D65,武汉市硚口区硚口路160号,,,武汉公交集团,114.252202137572972,,30.576144723079367
A4EACA2CC3054798961A59E69C3C1DEE,武汉市江汉区新华路25号伟业大厦,027-68855300,,武汉地产集团,114.274030309777853,,30.590172872545801
22241873777547ECBDC14E647BBB6D65,武汉市硚口区硚口路160号,,,武汉公交集团,114.252202137572972,,30.576144723079367
A4EACA2CC3054798961A59E69C3C1DEE,武汉市江汉区新华路25号伟业大厦,027-68855300,,武汉地产集团,114.274030309777853,,30.590172872545801
22241873777547ECBDC14E647BBB6D65,武汉市硚口区硚口路160号,,,武汉公交集团,114.252202137572972,,30.576144723079367
A4EACA2CC3054798961A59E69C3C1DEE,武汉市江汉区新华路25号伟业大厦,027-68855300,,武汉地产集团,114.274030309777853,,30.590172872545801
22241873777547ECBDC14E647BBB6D65,武汉市硚口区硚口路160号,,,武汉公交集团,114.252202137572972,,30.576144723079367
A4EACA2CC3054798961A59E69C3C1DEE,武汉市江汉区新华路25号伟业大厦,027-68855300,,武汉地产集团,114.274030309777853,,30.590172872545801
22241873777547ECBDC14E647BBB6D65,武汉市硚口区硚口路160号,,,武汉公交集团,114.252202137572972,,30.576144723079367
A4EACA2CC3054798961A59E69C3C1DEE,武汉市江汉区新华路25号伟业大厦,027-68855300,,武汉地产集团,114.274030309777853,,30.590172872545801
22241873777547ECBDC14E647BBB6D65,武汉市硚口区硚口路160号,,,武汉公交集团,114.252202137572972,,30.576144723079367
A4EACA2CC3054798961A59E69C3C1DEE,武汉市江汉区新华路25号伟业大厦,027-68855300,,武汉地产集团,114.274030309777853,,30.590172872545801
22241873777547ECBDC14E647BBB6D65,武汉市硚口区硚口路160号,,,武汉公交集团,114.252202137572972,,30.576144723079367
A4EACA2CC3054798961A59E69C3C1DEE,武汉市江汉区新华路25号伟业大厦,027-68855300,,武汉地产集团,114.274030309777853,,30.590172872545801
22241873777547ECBDC14E647BBB6D65,武汉市硚口区硚口路160号,,,武汉公交集团,114.252202137572972,,30.576144723079367
A4EACA2CC3054798961A59E69C3C1DEE,武汉市江汉区新华路25号伟业大厦,027-68855300,,武汉地产集团,114.274030309777853,,30.590172872545801
22241873777547ECBDC14E647BBB6D65,武汉市硚口区硚口路160号,,,武汉公交集团,114.252202137572972,,30.576144723079367
A4EACA2CC3054798961A59E69C3C1DEE,武汉市江汉区新华路25号伟业大厦,027-68855300,,武汉地产集团,114.274030309777853,,30.590172872545801
22241873777547ECBDC14E647BBB6D65,武汉市硚口区硚口路160号,,,武汉公交集团,114.252202137572972,,30.576144723079367
A4EACA2CC3054798961A59E69C3C1DEE,武汉市江汉区新华路25号伟业大厦,027-68855300,,武汉地产集团,114.274030309777853,,30.590172872545801
22241873777547ECBDC14E647BBB6D65,武汉市硚口区硚口路160号,,,武汉公交集团,114.252202137572972,,30.576144723079367
A4EACA2CC3054798961A59E69C3C1DEE,武汉市江汉区新华路25号伟业大厦,027-68855300,,武汉地产集团,114.274030309777853,,30.590172872545801
22241873777547ECBDC14E647BBB6D65,武汉市硚口区硚口路160号,,,武汉公交集团,114.252202137572972,,30.576144723079367
A4EACA2CC3054798961A59E69C3C1DEE,武汉市江汉区新华路25号伟业大厦,027-68855300,,武汉地产集团,114.274030309777853,,30.590172872545801
22241873777547ECBDC14E647BBB6D65,武汉市硚口区硚口路160号,,,武汉公交集团,114.252202137572972,,30.576144723079367
A4EACA2CC3054798961A59E69C3C1DEE,武汉市江汉区新华路25号伟业大厦,027-68855300,,武汉地产集团,114.274030309777853,,30.590172872545801
22241873777547ECBDC14E647BBB6D65,武汉市硚口区硚口路160号,,,武汉公交集团,114.252202137572972,,30.576144723079367
A4EACA2CC3054798961A59E69C3C1DEE,武汉市江汉区新华路25号伟业大厦,027-68855300,,武汉地产集团,114.274030309777853,,30.590172872545801
22241873777547ECBDC14E647BBB6D65,武汉市硚口区硚口路160号,,,武汉公交集团,114.252202137572972,,30.576144723079367
A4EACA2CC3054798961A59E69C3C1DEE,武汉市江汉区新华路25号伟业大厦,027-68855300,,武汉地产集团,114.274030309777853,,30.590172872545801
22241873777547ECBDC14E647BBB6D65,武汉市硚口区硚口路160号,,,武汉公交集团,114.252202137572972,,30.576144723079367
A4EACA2CC3054798961A59E69C3C1DEE,武汉市江汉区新华路25号伟业大厦,027-68855300,,武汉地产集团,114.274030309777853,,30.590172872545801
22241873777547ECBDC14E647BBB6D65,武汉市硚口区硚口路160号,,,武汉公交集团,114.252202137572972,,30.576144723079367
A4EACA2CC3054798961A59E69C3C1DEE,武汉市江汉区新华路25号伟业大厦,027-68855300,,武汉地产集团,114.274030309777853,,30.590172872545801
22241873777547ECBDC14E647BBB6D65,武汉市硚口区硚口路160号,,,武汉公交集团,114.252202137572972,,30.576144723079367
A4EACA2CC3054798961A59E69C3C1DEE,武汉市江汉区新华路25号伟业大厦,027-68855300,,武汉地产集团,114.274030309777853,,30.590172872545801
22241873777547ECBDC14E647BBB6D65,武汉市硚口区硚口路160号,,,武汉公交集团,114.252202137572972,,30.576144723079367
A4EACA2CC3054798961A59E69C3C1DEE,武汉市江汉区新华路25号伟业大厦,027-68855300,,武汉地产集团,114.274030309777853,,30.590172872545801
22241873777547ECBDC14E647BBB6D65,武汉市硚口区硚口路160号,,,武汉公交集团,114.252202137572972,,30.576144723079367
A4EACA2CC3054798961A59E69C3C1DEE,武汉市江汉区新华路25号伟业大厦,027-68855300,,武汉地产集团,114.274030309777853,,30.590172872545801
22241873777547ECBDC14E647BBB6D65,武汉市硚口区硚口路160号,,,武汉公交集团,114.252202137572972,,30.576144723079367
A4EACA2CC3054798961A59E69C3C1DEE,武汉市江汉区新华路25号伟业大厦,027-68855300,,武汉地产集团,114.274030309777853,,30.590172872545801
22241873777547ECBDC14E647BBB6D65,武汉市硚口区硚口路160号,,,武汉公交集团,114.252202137572972,,30.576144723079367
A4EACA2CC3054798961A59E69C3C1DEE,武汉市江汉区新华路25号伟业大厦,027-68855300,,武汉地产集团,114.274030309777853,,30.590172872545801
22241873777547ECBDC14E647BBB6D65,武汉市硚口区硚口路160号,,,武汉公交集团,114.252202137572972,,30.576144723079367
A4EACA2CC3054798961A59E69C3C1DEE,武汉市江汉区新华路25号伟业大厦,027-68855300,,武汉地产集团,114.274030309777853,,30.590172872545801
22241873777547ECBDC14E647BBB6D65,武汉市硚口区硚口路160号,,,武汉公交集团,114.252202137572972,,30.576144723079367
A4EACA2CC3054798961A59E69C3C1DEE,武汉市江汉区新华路25号伟业大厦,027-68855300,,武汉地产集团,114.274030309777853,,30.590172872545801
22241873777547ECBDC14E647BBB6D65,武汉市硚口区硚口路160号,,,武汉公交集团,114.252202137572972,,30.576144723079367
A4EACA2CC3054798961A59E69C3C1DEE,武汉市江汉区新华路25号伟业大厦,027-68855300,,武汉地产集团,114.274030309777853,,30.590172872545801
E10B6E86DC8F47308A22C7FAE1EDEE47,湖北武汉市硚口区古田二路南泥湾大道65-71号汇丰企业总部8号楼B座,027-82824058,,中百集团,114.196183298244579,430035,30.603349645516336
E10B6E86DC8F47308A22C7FAE1EDEE47,湖北武汉市硚口区古田二路南泥湾大道65-71号汇丰企业总部8号楼B座,027-82824058,,中百集团,114.196183298244579,430035,30.603349645516336
335380968FD24DDD87B232B9BCA38EC1,武汉市沿江大道天津路口汉口江滩大楼,027-82788666,,武汉水资源发展投资有限公司,114.300971436468471,430014,30.581644246659061
F500B5380F644913B0AEA5DE31C8CC84,汉口发展大道409号五洲大厦B座五楼,027-82649212,,武汉机场综合发展总公司,114.281400401881445,430019,30.622278671680013
F1AD1907BBDB47F5AC44CD399AF89B7E,武汉市洪山区葛化街化工路31号,027 87602513,,武汉葛化集团,114.604750548016833,430078,30.534325985915156
335380968FD24DDD87B232B9BCA38EC1,武汉市沿江大道天津路口汉口江滩大楼,027-82788666,,武汉水资源发展投资有限公司,114.300971436468471,430014,30.581644246659061
F500B5380F644913B0AEA5DE31C8CC84,汉口发展大道409号五洲大厦B座五楼,027-82649212,,武汉机场综合发展总公司,114.281400401881445,430019,30.622278671680013
F1AD1907BBDB47F5AC44CD399AF89B7E,武汉市洪山区葛化街化工路31号,027 87602513,,武汉葛化集团,114.604750548016833,430078,30.534325985915156
335380968FD24DDD87B232B9BCA38EC1,武汉市沿江大道天津路口汉口江滩大楼,027-82788666,,武汉水资源发展投资有限公司,114.300971436468471,430014,30.581644246659061
F500B5380F644913B0AEA5DE31C8CC84,汉口发展大道409号五洲大厦B座五楼,027-82649212,,武汉机场综合发展总公司,114.281400401881445,430019,30.622278671680013
F1AD1907BBDB47F5AC44CD399AF89B7E,武汉市洪山区葛化街化工路31号,027 87602513,,武汉葛化集团,114.604750548016833,430078,30.534325985915156
335380968FD24DDD87B232B9BCA38EC1,武汉市沿江大道天津路口汉口江滩大楼,027-82788666,,武汉水资源发展投资有限公司,114.300971436468471,430014,30.581644246659061
F500B5380F644913B0AEA5DE31C8CC84,汉口发展大道409号五洲大厦B座五楼,027-82649212,,武汉机场综合发展总公司,114.281400401881445,430019,30.622278671680013
F1AD1907BBDB47F5AC44CD399AF89B7E,武汉市洪山区葛化街化工路31号,027 87602513,,武汉葛化集团,114.604750548016833,430078,30.534325985915156
335380968FD24DDD87B232B9BCA38EC1,武汉市沿江大道天津路口汉口江滩大楼,027-82788666,,武汉水资源发展投资有限公司,114.300971436468471,430014,30.581644246659061
F500B5380F644913B0AEA5DE31C8CC84,汉口发展大道409号五洲大厦B座五楼,027-82649212,,武汉机场综合发展总公司,114.281400401881445,430019,30.622278671680013
F1AD1907BBDB47F5AC44CD399AF89B7E,武汉市洪山区葛化街化工路31号,027 87602513,,武汉葛化集团,114.604750548016833,430078,30.534325985915156
335380968FD24DDD87B232B9BCA38EC1,武汉市沿江大道天津路口汉口江滩大楼,027-82788666,,武汉水资源发展投资有限公司,114.300971436468471,430014,30.581644246659061
F500B5380F644913B0AEA5DE31C8CC84,汉口发展大道409号五洲大厦B座五楼,027-82649212,,武汉机场综合发展总公司,114.281400401881445,430019,30.622278671680013
F1AD1907BBDB47F5AC44CD399AF89B7E,武汉市洪山区葛化街化工路31号,027 87602513,,武汉葛化集团,114.604750548016833,430078,30.534325985915156
335380968FD24DDD87B232B9BCA38EC1,武汉市沿江大道天津路口汉口江滩大楼,027-82788666,,武汉水资源发展投资有限公司,114.300971436468471,430014,30.581644246659061
F500B5380F644913B0AEA5DE31C8CC84,汉口发展大道409号五洲大厦B座五楼,027-82649212,,武汉机场综合发展总公司,114.281400401881445,430019,30.622278671680013
F1AD1907BBDB47F5AC44CD399AF89B7E,武汉市洪山区葛化街化工路31号,027 87602513,,武汉葛化集团,114.604750548016833,430078,30.534325985915156
335380968FD24DDD87B232B9BCA38EC1,武汉市沿江大道天津路口汉口江滩大楼,027-82788666,,武汉水资源发展投资有限公司,114.300971436468471,430014,30.581644246659061
F500B5380F644913B0AEA5DE31C8CC84,汉口发展大道409号五洲大厦B座五楼,027-82649212,,武汉机场综合发展总公司,114.281400401881445,430019,30.622278671680013
F1AD1907BBDB47F5AC44CD399AF89B7E,武汉市洪山区葛化街化工路31号,027 87602513,,武汉葛化集团,114.604750548016833,430078,30.534325985915156
335380968FD24DDD87B232B9BCA38EC1,武汉市沿江大道天津路口汉口江滩大楼,027-82788666,,武汉水资源发展投资有限公司,114.300971436468471,430014,30.581644246659061
F500B5380F644913B0AEA5DE31C8CC84,汉口发展大道409号五洲大厦B座五楼,027-82649212,,武汉机场综合发展总公司,114.281400401881445,430019,30.622278671680013
F1AD1907BBDB47F5AC44CD399AF89B7E,武汉市洪山区葛化街化工路31号,027 87602513,,武汉葛化集团,114.604750548016833,430078,30.534325985915156
335380968FD24DDD87B232B9BCA38EC1,武汉市沿江大道天津路口汉口江滩大楼,027-82788666,,武汉水资源发展投资有限公司,114.300971436468471,430014,30.581644246659061
F500B5380F644913B0AEA5DE31C8CC84,汉口发展大道409号五洲大厦B座五楼,027-82649212,,武汉机场综合发展总公司,114.281400401881445,430019,30.622278671680013
F1AD1907BBDB47F5AC44CD399AF89B7E,武汉市洪山区葛化街化工路31号,027 87602513,,武汉葛化集团,114.604750548016833,430078,30.534325985915156
335380968FD24DDD87B232B9BCA38EC1,武汉市沿江大道天津路口汉口江滩大楼,027-82788666,,武汉水资源发展投资有限公司,114.300971436468471,430014,30.581644246659061
F500B5380F644913B0AEA5DE31C8CC84,汉口发展大道409号五洲大厦B座五楼,027-82649212,,武汉机场综合发展总公司,114.281400401881445,430019,30.622278671680013
F1AD1907BBDB47F5AC44CD399AF89B7E,武汉市洪山区葛化街化工路31号,027 87602513,,武汉葛化集团,114.604750548016833,430078,30.534325985915156
335380968FD24DDD87B232B9BCA38EC1,武汉市沿江大道天津路口汉口江滩大楼,027-82788666,,武汉水资源发展投资有限公司,114.300971436468471,430014,30.581644246659061
F500B5380F644913B0AEA5DE31C8CC84,汉口发展大道409号五洲大厦B座五楼,027-82649212,,武汉机场综合发展总公司,114.281400401881445,430019,30.622278671680013
F1AD1907BBDB47F5AC44CD399AF89B7E,武汉市洪山区葛化街化工路31号,027 87602513,,武汉葛化集团,114.604750548016833,430078,30.534325985915156
F1AD1907BBDB47F5AC44CD399AF89B7E,武汉市洪山区葛化街化工路31号,027 87602513,,武汉葛化集团,114.604750548016833,430078,30.534325985915156
335380968FD24DDD87B232B9BCA38EC1,武汉市沿江大道天津路口汉口江滩大楼,027-82788666,,武汉水资源发展投资有限公司,114.300971436468471,430014,30.581644246659061
F500B5380F644913B0AEA5DE31C8CC84,汉口发展大道409号五洲大厦B座五楼,027-82649212,,武汉机场综合发展总公司,114.281400401881445,430019,30.622278671680013
F1AD1907BBDB47F5AC44CD399AF89B7E,武汉市洪山区葛化街化工路31号,027 87602513,,武汉葛化集团,114.604750548016833,430078,30.534325985915156
335380968FD24DDD87B232B9BCA38EC1,武汉市沿江大道天津路口汉口江滩大楼,027-82788666,,武汉水资源发展投资有限公司,114.300971436468471,430014,30.581644246659061
F500B5380F644913B0AEA5DE31C8CC84,汉口发展大道409号五洲大厦B座五楼,027-82649212,,武汉机场综合发展总公司,114.281400401881445,430019,30.622278671680013
F1AD1907BBDB47F5AC44CD399AF89B7E,武汉市洪山区葛化街化工路31号,027 87602513,,武汉葛化集团,114.604750548016833,430078,30.534325985915156
335380968FD24DDD87B232B9BCA38EC1,武汉市沿江大道天津路口汉口江滩大楼,027-82788666,,武汉水资源发展投资有限公司,114.300971436468471,430014,30.581644246659061
F500B5380F644913B0AEA5DE31C8CC84,汉口发展大道409号五洲大厦B座五楼,027-82649212,,武汉机场综合发展总公司,114.281400401881445,430019,30.622278671680013
F1AD1907BBDB47F5AC44CD399AF89B7E,武汉市洪山区葛化街化工路31号,027 87602513,,武汉葛化集团,114.604750548016833,430078,30.534325985915156
335380968FD24DDD87B232B9BCA38EC1,武汉市沿江大道天津路口汉口江滩大楼,027-82788666,,武汉水资源发展投资有限公司,114.300971436468471,430014,30.581644246659061
F500B5380F644913B0AEA5DE31C8CC84,汉口发展大道409号五洲大厦B座五楼,027-82649212,,武汉机场综合发展总公司,114.281400401881445,430019,30.622278671680013
F1AD1907BBDB47F5AC44CD399AF89B7E,武汉市洪山区葛化街化工路31号,027 87602513,,武汉葛化集团,114.604750548016833,430078,30.534325985915156
335380968FD24DDD87B232B9BCA38EC1,武汉市沿江大道天津路口汉口江滩大楼,027-82788666,,武汉水资源发展投资有限公司,114.300971436468471,430014,30.581644246659061
F500B5380F644913B0AEA5DE31C8CC84,汉口发展大道409号五洲大厦B座五楼,027-82649212,,武汉机场综合发展总公司,114.281400401881445,430019,30.622278671680013
F1AD1907BBDB47F5AC44CD399AF89B7E,武汉市洪山区葛化街化工路31号,027 87602513,,武汉葛化集团,114.604750548016833,430078,30.534325985915156
335380968FD24DDD87B232B9BCA38EC1,武汉市沿江大道天津路口汉口江滩大楼,027-82788666,,武汉水资源发展投资有限公司,114.300971436468471,430014,30.581644246659061
F500B5380F644913B0AEA5DE31C8CC84,汉口发展大道409号五洲大厦B座五楼,027-82649212,,武汉机场综合发展总公司,114.281400401881445,430019,30.622278671680013
F1AD1907BBDB47F5AC44CD399AF89B7E,武汉市洪山区葛化街化工路31号,027 87602513,,武汉葛化集团,114.604750548016833,430078,30.534325985915156
335380968FD24DDD87B232B9BCA38EC1,武汉市沿江大道天津路口汉口江滩大楼,027-82788666,,武汉水资源发展投资有限公司,114.300971436468471,430014,30.581644246659061
F500B5380F644913B0AEA5DE31C8CC84,汉口发展大道409号五洲大厦B座五楼,027-82649212,,武汉机场综合发展总公司,114.281400401881445,430019,30.622278671680013
F1AD1907BBDB47F5AC44CD399AF89B7E,武汉市洪山区葛化街化工路31号,027 87602513,,武汉葛化集团,114.604750548016833,430078,30.534325985915156
335380968FD24DDD87B232B9BCA38EC1,武汉市沿江大道天津路口汉口江滩大楼,027-82788666,,武汉水资源发展投资有限公司,114.300971436468471,430014,30.581644246659061
F500B5380F644913B0AEA5DE31C8CC84,汉口发展大道409号五洲大厦B座五楼,027-82649212,,武汉机场综合发展总公司,114.281400401881445,430019,30.622278671680013
F1AD1907BBDB47F5AC44CD399AF89B7E,武汉市洪山区葛化街化工路31号,027 87602513,,武汉葛化集团,114.604750548016833,430078,30.534325985915156
335380968FD24DDD87B232B9BCA38EC1,武汉市沿江大道天津路口汉口江滩大楼,027-82788666,,武汉水资源发展投资有限公司,114.300971436468471,430014,30.581644246659061
F500B5380F644913B0AEA5DE31C8CC84,汉口发展大道409号五洲大厦B座五楼,027-82649212,,武汉机场综合发展总公司,114.281400401881445,430019,30.622278671680013
F1AD1907BBDB47F5AC44CD399AF89B7E,武汉市洪山区葛化街化工路31号,027 87602513,,武汉葛化集团,114.604750548016833,430078,30.534325985915156
335380968FD24DDD87B232B9BCA38EC1,武汉市沿江大道天津路口汉口江滩大楼,027-82788666,,武汉水资源发展投资有限公司,114.300971436468471,430014,30.581644246659061
F500B5380F644913B0AEA5DE31C8CC84,汉口发展大道409号五洲大厦B座五楼,027-82649212,,武汉机场综合发展总公司,114.281400401881445,430019,30.622278671680013
F1AD1907BBDB47F5AC44CD399AF89B7E,武汉市洪山区葛化街化工路31号,027 87602513,,武汉葛化集团,114.604750548016833,430078,30.534325985915156
335380968FD24DDD87B232B9BCA38EC1,武汉市沿江大道天津路口汉口江滩大楼,027-82788666,,武汉水资源发展投资有限公司,114.300971436468471,430014,30.581644246659061
F500B5380F644913B0AEA5DE31C8CC84,汉口发展大道409号五洲大厦B座五楼,027-82649212,,武汉机场综合发展总公司,114.281400401881445,430019,30.622278671680013
F1AD1907BBDB47F5AC44CD399AF89B7E,武汉市洪山区葛化街化工路31号,027 87602513,,武汉葛化集团,114.604750548016833,430078,30.534325985915156
335380968FD24DDD87B232B9BCA38EC1,武汉市沿江大道天津路口汉口江滩大楼,027-82788666,,武汉水资源发展投资有限公司,114.300971436468471,430014,30.581644246659061
F500B5380F644913B0AEA5DE31C8CC84,汉口发展大道409号五洲大厦B座五楼,027-82649212,,武汉机场综合发展总公司,114.281400401881445,430019,30.622278671680013
F1AD1907BBDB47F5AC44CD399AF89B7E,武汉市洪山区葛化街化工路31号,027 87602513,,武汉葛化集团,114.604750548016833,430078,30.534325985915156
335380968FD24DDD87B232B9BCA38EC1,武汉市沿江大道天津路口汉口江滩大楼,027-82788666,,武汉水资源发展投资有限公司,114.300971436468471,430014,30.581644246659061
F500B5380F644913B0AEA5DE31C8CC84,汉口发展大道409号五洲大厦B座五楼,027-82649212,,武汉机场综合发展总公司,114.281400401881445,430019,30.622278671680013
F1AD1907BBDB47F5AC44CD399AF89B7E,武汉市洪山区葛化街化工路31号,027 87602513,,武汉葛化集团,114.604750548016833,430078,30.534325985915156
335380968FD24DDD87B232B9BCA38EC1,武汉市沿江大道天津路口汉口江滩大楼,027-82788666,,武汉水资源发展投资有限公司,114.300971436468471,430014,30.581644246659061
F500B5380F644913B0AEA5DE31C8CC84,汉口发展大道409号五洲大厦B座五楼,027-82649212,,武汉机场综合发展总公司,114.281400401881445,430019,30.622278671680013
F1AD1907BBDB47F5AC44CD399AF89B7E,武汉市洪山区葛化街化工路31号,027 87602513,,武汉葛化集团,114.604750548016833,430078,30.534325985915156
335380968FD24DDD87B232B9BCA38EC1,武汉市沿江大道天津路口汉口江滩大楼,027-82788666,,武汉水资源发展投资有限公司,114.300971436468471,430014,30.581644246659061
F500B5380F644913B0AEA5DE31C8CC84,汉口发展大道409号五洲大厦B座五楼,027-82649212,,武汉机场综合发展总公司,114.281400401881445,430019,30.622278671680013
F1AD1907BBDB47F5AC44CD399AF89B7E,武汉市洪山区葛化街化工路31号,027 87602513,,武汉葛化集团,114.604750548016833,430078,30.534325985915156
335380968FD24DDD87B232B9BCA38EC1,武汉市沿江大道天津路口汉口江滩大楼,027-82788666,,武汉水资源发展投资有限公司,114.300971436468471,430014,30.581644246659061
F500B5380F644913B0AEA5DE31C8CC84,汉口发展大道409号五洲大厦B座五楼,027-82649212,,武汉机场综合发展总公司,114.281400401881445,430019,30.622278671680013
F1AD1907BBDB47F5AC44CD399AF89B7E,武汉市洪山区葛化街化工路31号,027 87602513,,武汉葛化集团,114.604750548016833,430078,30.534325985915156
335380968FD24DDD87B232B9BCA38EC1,武汉市沿江大道天津路口汉口江滩大楼,027-82788666,,武汉水资源发展投资有限公司,114.300971436468471,430014,30.581644246659061
F500B5380F644913B0AEA5DE31C8CC84,汉口发展大道409号五洲大厦B座五楼,027-82649212,,武汉机场综合发展总公司,114.281400401881445,430019,30.622278671680013
F1AD1907BBDB47F5AC44CD399AF89B7E,武汉市洪山区葛化街化工路31号,027 87602513,,武汉葛化集团,114.604750548016833,430078,30.534325985915156
335380968FD24DDD87B232B9BCA38EC1,武汉市沿江大道天津路口汉口江滩大楼,027-82788666,,武汉水资源发展投资有限公司,114.300971436468471,430014,30.581644246659061
F500B5380F644913B0AEA5DE31C8CC84,汉口发展大道409号五洲大厦B座五楼,027-82649212,,武汉机场综合发展总公司,114.281400401881445,430019,30.622278671680013
F1AD1907BBDB47F5AC44CD399AF89B7E,武汉市洪山区葛化街化工路31号,027 87602513,,武汉葛化集团,114.604750548016833,430078,30.534325985915156
335380968FD24DDD87B232B9BCA38EC1,武汉市沿江大道天津路口汉口江滩大楼,027-82788666,,武汉水资源发展投资有限公司,114.300971436468471,430014,30.581644246659061
F500B5380F644913B0AEA5DE31C8CC84,汉口发展大道409号五洲大厦B座五楼,027-82649212,,武汉机场综合发展总公司,114.281400401881445,430019,30.622278671680013
F1AD1907BBDB47F5AC44CD399AF89B7E,武汉市洪山区葛化街化工路31号,027 87602513,,武汉葛化集团,114.604750548016833,430078,30.534325985915156
335380968FD24DDD87B232B9BCA38EC1,武汉市沿江大道天津路口汉口江滩大楼,027-82788666,,武汉水资源发展投资有限公司,114.300971436468471,430014,30.581644246659061
F500B5380F644913B0AEA5DE31C8CC84,汉口发展大道409号五洲大厦B座五楼,027-82649212,,武汉机场综合发展总公司,114.281400401881445,430019,30.622278671680013
1CA49679516549BBB8D556EE5420A418,武汉市汉口火车站金墩路武汉建工大楼,027-85876682,,武汉建工（集团）有限公司,114.260263326018583,,30.617819699050576
1CA49679516549BBB8D556EE5420A418,武汉市汉口火车站金墩路武汉建工大楼,027-85876682,,武汉建工（集团）有限公司,114.260263326018583,,30.617819699050576
1CA49679516549BBB8D556EE5420A418,武汉市汉口火车站金墩路武汉建工大楼,027-85876682,,武汉建工（集团）有限公司,114.260263326018583,,30.617819699050576
1CA49679516549BBB8D556EE5420A418,武汉市汉口火车站金墩路武汉建工大楼,027-85876682,,武汉建工（集团）有限公司,114.260263326018583,,30.617819699050576
1CA49679516549BBB8D556EE5420A418,武汉市汉口火车站金墩路武汉建工大楼,027-85876682,,武汉建工（集团）有限公司,114.260263326018583,,30.617819699050576
1CA49679516549BBB8D556EE5420A418,武汉市汉口火车站金墩路武汉建工大楼,027-85876682,,武汉建工（集团）有限公司,114.260263326018583,,30.617819699050576
1CA49679516549BBB8D556EE5420A418,武汉市汉口火车站金墩路武汉建工大楼,027-85876682,,武汉建工（集团）有限公司,114.260263326018583,,30.617819699050576
1CA49679516549BBB8D556EE5420A418,武汉市汉口火车站金墩路武汉建工大楼,027-85876682,,武汉建工（集团）有限公司,114.260263326018583,,30.617819699050576
1CA49679516549BBB8D556EE5420A418,武汉市汉口火车站金墩路武汉建工大楼,027-85876682,,武汉建工（集团）有限公司,114.260263326018583,,30.617819699050576
1CA49679516549BBB8D556EE5420A418,武汉市汉口火车站金墩路武汉建工大楼,027-85876682,,武汉建工（集团）有限公司,114.260263326018583,,30.617819699050576
1CA49679516549BBB8D556EE5420A418,武汉市汉口火车站金墩路武汉建工大楼,027-85876682,,武汉建工（集团）有限公司,114.260263326018583,,30.617819699050576
1CA49679516549BBB8D556EE5420A418,武汉市汉口火车站金墩路武汉建工大楼,027-85876682,,武汉建工（集团）有限公司,114.260263326018583,,30.617819699050576
1CA49679516549BBB8D556EE5420A418,武汉市汉口火车站金墩路武汉建工大楼,027-85876682,,武汉建工（集团）有限公司,114.260263326018583,,30.617819699050576
1CA49679516549BBB8D556EE5420A418,武汉市汉口火车站金墩路武汉建工大楼,027-85876682,,武汉建工（集团）有限公司,114.260263326018583,,30.617819699050576
1CA49679516549BBB8D556EE5420A418,武汉市汉口火车站金墩路武汉建工大楼,027-85876682,,武汉建工（集团）有限公司,114.260263326018583,,30.617819699050576
1CA49679516549BBB8D556EE5420A418,武汉市汉口火车站金墩路武汉建工大楼,027-85876682,,武汉建工（集团）有限公司,114.260263326018583,,30.617819699050576
1CA49679516549BBB8D556EE5420A418,武汉市汉口火车站金墩路武汉建工大楼,027-85876682,,武汉建工（集团）有限公司,114.260263326018583,,30.617819699050576
1CA49679516549BBB8D556EE5420A418,武汉市汉口火车站金墩路武汉建工大楼,027-85876682,,武汉建工（集团）有限公司,114.260263326018583,,30.617819699050576
1CA49679516549BBB8D556EE5420A418,武汉市汉口火车站金墩路武汉建工大楼,027-85876682,,武汉建工（集团）有限公司,114.260263326018583,,30.617819699050576
1CA49679516549BBB8D556EE5420A418,武汉市汉口火车站金墩路武汉建工大楼,027-85876682,,武汉建工（集团）有限公司,114.260263326018583,,30.617819699050576
1CA49679516549BBB8D556EE5420A418,武汉市汉口火车站金墩路武汉建工大楼,027-85876682,,武汉建工（集团）有限公司,114.260263326018583,,30.617819699050576
1CA49679516549BBB8D556EE5420A418,武汉市汉口火车站金墩路武汉建工大楼,027-85876682,,武汉建工（集团）有限公司,114.260263326018583,,30.617819699050576
1CA49679516549BBB8D556EE5420A418,武汉市汉口火车站金墩路武汉建工大楼,027-85876682,,武汉建工（集团）有限公司,114.260263326018583,,30.617819699050576
1CA49679516549BBB8D556EE5420A418,武汉市汉口火车站金墩路武汉建工大楼,027-85876682,,武汉建工（集团）有限公司,114.260263326018583,,30.617819699050576
1CA49679516549BBB8D556EE5420A418,武汉市汉口火车站金墩路武汉建工大楼,027-85876682,,武汉建工（集团）有限公司,114.260263326018583,,30.617819699050576
1CA49679516549BBB8D556EE5420A418,武汉市汉口火车站金墩路武汉建工大楼,027-85876682,,武汉建工（集团）有限公司,114.260263326018583,,30.617819699050576
1CA49679516549BBB8D556EE5420A418,武汉市汉口火车站金墩路武汉建工大楼,027-85876682,,武汉建工（集团）有限公司,114.260263326018583,,30.617819699050576
1CA49679516549BBB8D556EE5420A418,武汉市汉口火车站金墩路武汉建工大楼,027-85876682,,武汉建工（集团）有限公司,114.260263326018583,,30.617819699050576
1CA49679516549BBB8D556EE5420A418,武汉市汉口火车站金墩路武汉建工大楼,027-85876682,,武汉建工（集团）有限公司,114.260263326018583,,30.617819699050576
1CA49679516549BBB8D556EE5420A418,武汉市汉口火车站金墩路武汉建工大楼,027-85876682,,武汉建工（集团）有限公司,114.260263326018583,,30.617819699050576
1CA49679516549BBB8D556EE5420A418,武汉市汉口火车站金墩路武汉建工大楼,027-85876682,,武汉建工（集团）有限公司,114.260263326018583,,30.617819699050576
1CA49679516549BBB8D556EE5420A418,武汉市汉口火车站金墩路武汉建工大楼,027-85876682,,武汉建工（集团）有限公司,114.260263326018583,,30.617819699050576
